order_id,order_date,customer_name,state,category,product_name,quantity,unit_price,discount_pct,total_revenue,payment_method,order_status,customer_rating,delivery_days,is_return,empty_notes
JO-2023-10000,2023-05-17,Fatima Musa,Lagos,Groceries,Football,1.0,47753.07,25,,Bank Transfer,Completed,,,0,
JO-2023-10001,2023-04-07,Amaka Eze,Enugu,Sports,Shea Butter,4.0,10712.97,10,,Jumia Pay,Cancelled,4.9,5.0,0,
JO-2023-10002,2023-05-09,Bola Tinubu,Rivers,Sports,Wireless Earbuds,3.0,15334.0,15,,Cash,Completed,,,0,
JO-2023-10003,2023-01-28,Rotimi Adesanya,Lagos,Beauty,Rice 50kg,5.0,18677.93,0,,Jumia Pay,Returned,,6.0,0,
JO-2023-10004,2023-02-06,Rotimi Adesanya,Lagos,Sports,Rice 50kg,1.0,45581.99,15,,USSD,Cancelled,4.3,2.0,1,
JO-2023-10005,2023-07-03,Rotimi Adesanya,Oyo,Sports,"Smart TV 43""",2.0,6676.7,-5,,Jumia Pay,Completed,2.4,8.0,0,
JO-2023-10006,2023-10-25,Fatima Musa,,Sports,Rice 50kg,5.0,1788.39,5,,USSD,Cancelled,3.7,11.0,0,
JO-2023-10007,2023-05-08,Rotimi Adesanya,Delta,Electronics,Pressure Cooker,1.0,11254.22,20,,Bank Transfer,Cancelled,2.3,3.0,0,
JO-2023-10008,2023-11-13,Bola Tinubu,Kano,Fashion,Laptop HP,4.0,10665.75,30,,Cash,Completed,4.7,,0,
JO-2023-10009,2023-08-16,Chidi Okonkwo,Kano,Home & Kitchen,Wireless Earbuds,4.0,3731.81,30,,Jumia Pay,Completed,2.8,,0,
JO-2023-10010,2023-03-16,Emeka Obi,Lagos,Computing,Ankara Dress,3.0,42649.94,25,,Jumia Pay,Returned,1.9,14.0,0,
JO-2023-10011,2023-11-19,Amaka Eze,,Groceries,Shea Butter,2.0,57243.64,30,,Cash,Processing,3.0,13.0,1,
JO-2023-10012,2023-06-08,Ngozi Adeyemi,Enugu,Fashion,"Smart TV 43""",5.0,45500.94,15,,Bank Transfer,Cancelled,1.5,,0,
JO-2023-10013,2023-09-05,Emeka Obi,Rivers,Fashion,"Smart TV 43""",1.0,124022.31,20,,POS Card,Processing,2.9,8.0,0,
JO-2023-10014,2023-07-22,Ngozi Adeyemi,Edo,Sports,Shea Butter,5.0,17262.28,-5,,Bank Transfer,Cancelled,,,0,
JO-2023-10015,2023-04-21,Fatima Musa,Oyo,Sports,Wireless Earbuds,3.0,40080.79,0,,USSD,Completed,4.3,,1,
JO-2023-10016,2023-12-18,Amaka Eze,Abuja,Groceries,Wireless Earbuds,2.0,7162.23,30,,Jumia Pay,Completed,,,0,
JO-2023-10017,2023-01-12,Bola Tinubu,Lagos,Home & Kitchen,Pressure Cooker,4.0,3522.46,25,,Jumia Pay,Shipped,,,1,
JO-2023-10018,2023-10-12,Bola Tinubu,Rivers,Sports,Pressure Cooker,4.0,4272.73,-5,,USSD,Completed,4.6,,0,
JO-2023-10019,2023-04-02,Fatima Musa,,Electronics,Shea Butter,4.0,55503.12,10,,Jumia Pay,Completed,1.8,,0,
JO-2023-10020,2023-02-09,Bola Tinubu,,Beauty,Wireless Earbuds,2.0,6382.51,15,,USSD,Shipped,3.3,7.0,1,
JO-2023-10021,2023-02-24,Hauwa Ibrahim,Oyo,,Football,5.0,23943.01,25,,Jumia Pay,Processing,,1.0,0,
JO-2023-10022,2023-04-25,Emeka Obi,Kano,Computing,"Smart TV 43""",4.0,4425.95,-5,,Jumia Pay,Shipped,4.3,4.0,1,
JO-2023-10023,2023-07-03,Rotimi Adesanya,Edo,Home & Kitchen,Shea Butter,2.0,24807.87,5,,Cash,Shipped,1.8,14.0,0,
JO-2023-10024,2023-11-26,Hauwa Ibrahim,Abuja,Beauty,Wireless Earbuds,1.0,49896.74,5,,Bank Transfer,Cancelled,3.6,10.0,1,
JO-2023-10025,2023-12-25,Bola Tinubu,Lagos,Beauty,Pressure Cooker,3.0,33155.34,15,,Jumia Pay,Processing,3.4,13.0,0,
JO-2023-10026,2023-08-07,Chidi Okonkwo,Rivers,Sports,Pressure Cooker,2.0,19431.52,30,,POS Card,Cancelled,,,0,
JO-2023-10027,2023-09-02,Chidi Okonkwo,Kano,Groceries,Football,2.0,7517.37,15,,USSD,Shipped,4.7,,1,
JO-2023-10028,2023-02-12,Fatima Musa,Kano,Home & Kitchen,Football,3.0,70585.96,30,,Jumia Pay,Shipped,2.3,7.0,0,
JO-2023-10029,2023-10-15,Rotimi Adesanya,Enugu,Sports,Football,2.0,10728.48,5,,Cash,Processing,1.4,,1,
JO-2023-10030,2023-04-08,Emeka Obi,Lagos,Electronics,Shea Butter,4.0,7851.0,0,,Bank Transfer,Returned,3.4,8.0,0,
JO-2023-10031,2023-05-31,Fatima Musa,Rivers,Home & Kitchen,Shea Butter,5.0,6982.36,-5,,Cash,Completed,,,0,
JO-2023-10032,2023-10-11,Bola Tinubu,Oyo,Beauty,Ankara Dress,2.0,9466.0,5,,Jumia Pay,Completed,1.7,9.0,1,
JO-2023-10033,2023-12-09,Fatima Musa,Abuja,Beauty,Wireless Earbuds,3.0,16701.63,20,,Bank Transfer,Cancelled,2.3,14.0,1,
JO-2023-10034,2023-04-30,Amaka Eze,Oyo,Electronics,Football,5.0,10372.02,30,,Jumia Pay,Processing,4.7,,0,
JO-2023-10035,2023-03-11,Rotimi Adesanya,Delta,Fashion,"Smart TV 43""",5.0,7878.82,25,,Jumia Pay,Cancelled,1.2,8.0,0,
JO-2023-10036,2023-06-07,Bola Tinubu,Lagos,Fashion,Rice 50kg,4.0,139246.53,-5,,Cash,Shipped,1.8,5.0,0,
JO-2023-10037,2023-03-03,Bola Tinubu,Edo,Sports,Wireless Earbuds,3.0,34764.41,15,,Bank Transfer,Completed,,3.0,1,
JO-2023-10038,2023-11-07,Hauwa Ibrahim,Oyo,Computing,Wireless Earbuds,,8949.02,5,,POS Card,Processing,2.2,,1,
JO-2023-10039,2023-02-27,Rotimi Adesanya,Enugu,Beauty,"Smart TV 43""",1.0,7475.53,5,,Jumia Pay,Returned,,7.0,0,
JO-2023-10040,2023-03-28,Fatima Musa,Enugu,Fashion,Pressure Cooker,3.0,3713.17,-5,,Jumia Pay,Processing,2.2,14.0,0,
JO-2023-10041,2023-11-07,Bola Tinubu,Lagos,Home & Kitchen,Rice 50kg,3.0,19943.8,-5,,POS Card,Processing,,,0,
JO-2023-10042,2023-05-17,Bola Tinubu,Lagos,Groceries,Rice 50kg,2.0,3925.92,10,,USSD,Shipped,2.9,,1,
JO-2023-10043,2023-10-02,Emeka Obi,Oyo,Computing,Rice 50kg,3.0,39681.88,25,,Cash,Returned,4.1,,0,
JO-2023-10044,2023-04-08,Rotimi Adesanya,Abuja,Fashion,Pressure Cooker,1.0,3543.93,10,,Jumia Pay,Returned,,9.0,0,
JO-2023-10045,2023-12-13,Ngozi Adeyemi,Abuja,Electronics,Pressure Cooker,5.0,55876.65,5,,POS Card,Shipped,2.1,10.0,0,
JO-2023-10046,2023-06-26,Bola Tinubu,Kano,Groceries,Rice 50kg,3.0,8230.04,-5,,Cash,Processing,,12.0,0,
JO-2023-10047,2023-08-21,Amaka Eze,Delta,Groceries,Shea Butter,4.0,1595.85,15,,USSD,Processing,2.5,14.0,0,
JO-2023-10048,2023-04-05,Fatima Musa,Delta,Computing,"Smart TV 43""",1.0,,5,,POS Card,Completed,,5.0,0,
JO-2023-10049,2023-04-07,Fatima Musa,Edo,Groceries,Football,5.0,49151.05,-5,,USSD,Returned,1.9,6.0,0,
JO-2023-10050,2023-02-13,Emeka Obi,Delta,Sports,"Smart TV 43""",4.0,21397.95,20,,Cash,Returned,,,0,
JO-2023-10051,2023-09-05,Rotimi Adesanya,Oyo,Groceries,Shea Butter,3.0,9854.21,-5,,Bank Transfer,Returned,2.6,10.0,1,
JO-2023-10052,2023-01-23,Fatima Musa,Rivers,Home & Kitchen,Laptop HP,3.0,7102.04,5,,USSD,Processing,,5.0,0,
JO-2023-10053,2023-12-25,Fatima Musa,Abuja,Computing,Shea Butter,4.0,6486.89,0,,POS Card,Returned,3.6,6.0,0,
JO-2023-10054,2023-05-20,Fatima Musa,,Electronics,Rice 50kg,1.0,80869.39,10,,POS Card,Shipped,1.9,4.0,0,
JO-2023-10055,2023-11-01,Fatima Musa,Delta,Fashion,Rice 50kg,4.0,100786.69,30,,USSD,Cancelled,,13.0,0,
JO-2023-10056,2023-11-16,Emeka Obi,Lagos,Beauty,Football,2.0,13255.26,5,,POS Card,Shipped,,10.0,0,
JO-2023-10057,2023-12-26,Ngozi Adeyemi,Edo,Groceries,Rice 50kg,1.0,15194.54,5,,Bank Transfer,Completed,2.7,10.0,0,
JO-2023-10058,2023-01-30,Chidi Okonkwo,Rivers,Fashion,Wireless Earbuds,1.0,48603.32,5,,Cash,Processing,,3.0,1,
JO-2023-10059,2023-01-23,Emeka Obi,Abuja,Electronics,Pressure Cooker,5.0,1605.41,30,,Bank Transfer,Returned,,,0,
JO-2023-10060,2023-09-12,Hauwa Ibrahim,Abuja,Fashion,Ankara Dress,4.0,22468.38,25,,Cash,Shipped,4.8,,0,
JO-2023-10061,2023-02-18,Amaka Eze,,Fashion,Football,3.0,8421.15,25,,POS Card,Returned,,12.0,0,
JO-2023-10062,2023-08-21,Amaka Eze,Edo,Electronics,Laptop HP,4.0,7500.78,25,,USSD,Shipped,2.6,10.0,1,
JO-2023-10063,2023-07-08,Chidi Okonkwo,Abuja,Fashion,Ankara Dress,3.0,87981.02,15,,Bank Transfer,Shipped,,,0,
JO-2023-10064,2023-02-15,Bola Tinubu,Enugu,Electronics,Shea Butter,1.0,26359.01,10,,Cash,Completed,2.5,,1,
JO-2023-10065,2023-12-30,Fatima Musa,,Groceries,Ankara Dress,2.0,12403.7,20,,Jumia Pay,Returned,2.2,,1,
JO-2023-10066,2023-11-18,Ngozi Adeyemi,Oyo,Fashion,Football,3.0,52218.67,20,,Jumia Pay,Cancelled,2.1,,0,
JO-2023-10067,2023-01-09,Amaka Eze,Enugu,Groceries,Shea Butter,5.0,38097.57,0,,Cash,Processing,,11.0,0,
JO-2023-10068,2023-05-10,Rotimi Adesanya,Enugu,Sports,"Smart TV 43""",2.0,11111.38,15,,USSD,Cancelled,1.6,5.0,1,
JO-2023-10069,2023-07-01,Ngozi Adeyemi,Kano,Sports,Football,4.0,19467.59,5,,Cash,Cancelled,3.8,,0,
JO-2023-10070,2023-10-29,Ngozi Adeyemi,Kano,Electronics,Wireless Earbuds,3.0,25465.22,30,,Jumia Pay,Returned,1.7,4.0,0,
JO-2023-10071,2023-03-06,Emeka Obi,Oyo,Groceries,Shea Butter,5.0,29849.9,-5,,Jumia Pay,Completed,2.8,,0,
JO-2023-10072,2023-01-08,Fatima Musa,Delta,Home & Kitchen,Football,5.0,15709.71,15,,Jumia Pay,Returned,,12.0,0,
JO-2023-10073,2023-06-28,Ngozi Adeyemi,,Groceries,Rice 50kg,2.0,16354.42,10,,USSD,Shipped,2.5,3.0,0,
JO-2023-10074,2023-05-20,Hauwa Ibrahim,,Computing,"Smart TV 43""",2.0,144158.08,20,,Jumia Pay,Shipped,,14.0,0,
JO-2023-10075,2023-06-28,Chidi Okonkwo,Delta,Fashion,Wireless Earbuds,4.0,24276.2,25,,POS Card,Returned,,9.0,0,
JO-2023-10076,2023-08-08,Emeka Obi,Lagos,Sports,Shea Butter,2.0,16367.77,0,,POS Card,Shipped,,,0,
JO-2023-10077,2023-09-10,Emeka Obi,Kano,Groceries,Laptop HP,5.0,10304.15,5,,Bank Transfer,Cancelled,3.4,10.0,1,
JO-2023-10078,2023-03-04,Rotimi Adesanya,Kano,Home & Kitchen,Rice 50kg,2.0,11914.11,10,,Jumia Pay,Completed,3.0,4.0,0,
JO-2023-10079,2023-03-01,Rotimi Adesanya,,Sports,Shea Butter,1.0,5318.68,0,,Bank Transfer,Cancelled,1.3,,0,
JO-2023-10080,2023-01-14,Fatima Musa,,Electronics,Football,2.0,35908.21,25,,USSD,Completed,3.2,13.0,0,
JO-2023-10081,2023-05-11,Fatima Musa,Lagos,Fashion,Wireless Earbuds,2.0,24986.19,20,,USSD,Completed,4.4,,0,
JO-2023-10082,2023-03-29,Fatima Musa,Kano,Fashion,Football,1.0,72815.01,30,,Bank Transfer,Shipped,2.2,,1,
JO-2023-10083,2023-05-29,Chidi Okonkwo,Kano,,Ankara Dress,4.0,6514.75,0,,USSD,Completed,3.8,11.0,0,
JO-2023-10084,2023-04-16,Ngozi Adeyemi,Oyo,Fashion,Ankara Dress,5.0,71297.23,25,,USSD,Completed,1.7,,0,
JO-2023-10085,2023-12-27,Bola Tinubu,Enugu,Beauty,Shea Butter,2.0,13700.19,15,,Bank Transfer,Returned,,4.0,1,
JO-2023-10086,2023-09-02,Amaka Eze,Kano,Home & Kitchen,Rice 50kg,2.0,34643.99,5,,Cash,Cancelled,1.4,14.0,0,
JO-2023-10087,2023-10-06,Hauwa Ibrahim,Abuja,Computing,Ankara Dress,,22634.67,5,,Jumia Pay,Processing,2.8,1.0,0,
JO-2023-10088,2023-07-11,Amaka Eze,Abuja,Electronics,Shea Butter,4.0,32217.31,30,,POS Card,Completed,2.4,4.0,0,
JO-2023-10089,2023-05-04,Amaka Eze,Rivers,Beauty,Rice 50kg,5.0,6505.49,0,,Jumia Pay,Cancelled,,4.0,0,
JO-2023-10090,2023-12-10,Amaka Eze,Oyo,Fashion,Wireless Earbuds,,36232.84,-5,,Bank Transfer,Returned,,,1,
JO-2023-10091,2023-11-11,Amaka Eze,Oyo,Groceries,Football,4.0,52980.08,25,,USSD,Returned,1.0,5.0,0,
JO-2023-10092,2023-01-04,Ngozi Adeyemi,Oyo,,Wireless Earbuds,,9550.02,10,,POS Card,Cancelled,1.7,8.0,0,
JO-2023-10093,2023-11-20,Fatima Musa,Delta,Sports,Ankara Dress,1.0,26085.33,20,,USSD,Completed,4.8,,0,
JO-2023-10094,2023-06-20,Fatima Musa,Oyo,Sports,Football,5.0,84287.54,30,,Cash,Cancelled,1.2,11.0,0,
JO-2023-10095,2023-01-12,Hauwa Ibrahim,Abuja,Groceries,"Smart TV 43""",3.0,52437.02,0,,Jumia Pay,Processing,,13.0,0,
JO-2023-10096,2023-08-01,Bola Tinubu,Enugu,Fashion,Shea Butter,1.0,9200.76,25,,Jumia Pay,Shipped,3.3,7.0,0,
JO-2023-10097,2023-04-01,Rotimi Adesanya,Kano,Home & Kitchen,Laptop HP,4.0,28499.37,-5,,Jumia Pay,Shipped,3.9,,0,
JO-2023-10098,2023-11-22,Amaka Eze,Abuja,Electronics,"Smart TV 43""",3.0,8974.31,10,,POS Card,Returned,3.9,,0,
JO-2023-10099,2023-02-21,Hauwa Ibrahim,Rivers,Home & Kitchen,Football,3.0,28748.82,20,,Bank Transfer,Shipped,1.5,8.0,0,
JO-2023-10100,2023-03-07,Fatima Musa,Rivers,Electronics,Rice 50kg,3.0,6617.46,15,,USSD,Cancelled,,1.0,1,
JO-2023-10101,2023-08-13,Amaka Eze,Lagos,,Ankara Dress,5.0,23340.06,15,,Cash,Cancelled,2.7,1.0,1,
JO-2023-10102,2023-03-25,Emeka Obi,Abuja,Home & Kitchen,Rice 50kg,3.0,11617.34,25,,Cash,Completed,1.5,4.0,0,
JO-2023-10103,2023-11-04,Ngozi Adeyemi,Kano,Beauty,Pressure Cooker,,39405.71,10,,Cash,Cancelled,,,0,
JO-2023-10104,2023-09-02,Ngozi Adeyemi,Abuja,Electronics,Laptop HP,5.0,5558.68,0,,POS Card,Shipped,4.7,7.0,0,
JO-2023-10105,2023-08-19,Amaka Eze,Kano,Groceries,Shea Butter,3.0,37747.46,5,,Jumia Pay,Processing,,1.0,1,
JO-2023-10106,2023-12-29,Fatima Musa,Enugu,Beauty,Ankara Dress,1.0,12088.9,30,,POS Card,Shipped,,4.0,0,
JO-2023-10107,2023-06-10,Chidi Okonkwo,Kano,Home & Kitchen,Wireless Earbuds,1.0,99655.4,5,,Bank Transfer,Returned,1.7,7.0,0,
JO-2023-10108,2023-08-26,Emeka Obi,Abuja,Computing,Laptop HP,2.0,17859.27,25,,Cash,Returned,,13.0,0,
JO-2023-10109,2023-01-07,Amaka Eze,Oyo,Sports,Rice 50kg,3.0,11016.07,25,,Bank Transfer,Processing,1.6,,0,
JO-2023-10110,2023-07-19,Chidi Okonkwo,Enugu,Electronics,Laptop HP,3.0,28794.46,0,,Cash,Shipped,3.7,12.0,0,
JO-2023-10111,2023-10-12,Chidi Okonkwo,Enugu,Computing,Football,1.0,13637.7,10,,Cash,Cancelled,4.6,,0,
JO-2023-10112,2023-02-01,Rotimi Adesanya,Delta,Home & Kitchen,Laptop HP,4.0,16189.22,10,,Jumia Pay,Completed,2.9,,1,
JO-2023-10113,2023-01-13,Ngozi Adeyemi,Oyo,Computing,"Smart TV 43""",2.0,2624.24,0,,Jumia Pay,Cancelled,1.8,,1,
JO-2023-10114,2023-07-07,Hauwa Ibrahim,Rivers,Fashion,"Smart TV 43""",1.0,19084.64,-5,,POS Card,Shipped,,1.0,0,
JO-2023-10115,2023-11-27,Hauwa Ibrahim,Rivers,Electronics,"Smart TV 43""",2.0,,20,,Jumia Pay,Shipped,2.4,,0,
JO-2023-10116,2023-08-04,Fatima Musa,Edo,Groceries,Laptop HP,2.0,15684.9,30,,Bank Transfer,Processing,,8.0,0,
JO-2023-10117,2023-10-07,Ngozi Adeyemi,,Groceries,Shea Butter,2.0,51960.59,0,,POS Card,Cancelled,1.1,14.0,0,
JO-2023-10118,2023-09-24,Ngozi Adeyemi,Lagos,Computing,Laptop HP,3.0,35261.07,0,,USSD,Cancelled,,10.0,0,
JO-2023-10119,2023-05-20,Ngozi Adeyemi,Edo,Sports,"Smart TV 43""",5.0,56200.02,30,,POS Card,Processing,1.1,4.0,0,
JO-2023-10120,2023-07-31,Hauwa Ibrahim,Lagos,,Rice 50kg,5.0,24355.03,30,,Cash,Returned,1.8,13.0,0,
JO-2023-10121,2023-05-27,Chidi Okonkwo,Lagos,Groceries,Shea Butter,2.0,9844.05,10,,Bank Transfer,Processing,2.2,,0,
JO-2023-10122,2023-12-18,Ngozi Adeyemi,Oyo,Computing,"Smart TV 43""",5.0,18047.4,25,,Bank Transfer,Processing,3.8,12.0,0,
JO-2023-10123,2023-07-12,Amaka Eze,Oyo,Computing,Rice 50kg,1.0,17020.8,30,,POS Card,Returned,3.3,9.0,0,
JO-2023-10124,2023-11-04,Ngozi Adeyemi,Kano,Sports,"Smart TV 43""",,4848.21,0,,POS Card,Returned,3.3,,0,
JO-2023-10125,2023-08-18,Ngozi Adeyemi,Abuja,Groceries,Wireless Earbuds,2.0,38628.87,10,,Jumia Pay,Completed,3.2,12.0,0,
JO-2023-10126,2023-06-13,Rotimi Adesanya,Lagos,Beauty,Pressure Cooker,,7323.36,15,,POS Card,Shipped,,,0,
JO-2023-10127,2023-10-31,Hauwa Ibrahim,Oyo,Electronics,Shea Butter,2.0,64072.08,0,,Jumia Pay,Completed,1.3,,0,
JO-2023-10128,2023-01-21,Rotimi Adesanya,Kano,Computing,Rice 50kg,2.0,93872.77,5,,Jumia Pay,Returned,4.7,,0,
JO-2023-10129,2023-01-15,Ngozi Adeyemi,,Electronics,"Smart TV 43""",1.0,99016.81,0,,Jumia Pay,Shipped,1.8,8.0,0,
JO-2023-10130,2023-09-19,Bola Tinubu,Oyo,Beauty,Shea Butter,1.0,35845.79,10,,POS Card,Completed,3.1,,1,
JO-2023-10131,2023-07-10,Fatima Musa,Rivers,Beauty,Laptop HP,5.0,119416.55,-5,,Bank Transfer,Processing,2.6,14.0,1,
JO-2023-10132,2023-03-02,Emeka Obi,Abuja,Electronics,Rice 50kg,5.0,12452.11,30,,USSD,Returned,2.6,,0,
JO-2023-10133,2023-03-10,Chidi Okonkwo,Enugu,Sports,Rice 50kg,2.0,23804.22,0,,Bank Transfer,Shipped,2.3,10.0,0,
JO-2023-10134,2023-06-20,Bola Tinubu,Delta,Fashion,Pressure Cooker,4.0,7487.83,10,,Bank Transfer,Returned,4.0,,0,
JO-2023-10135,2023-07-19,Hauwa Ibrahim,Abuja,Home & Kitchen,Shea Butter,2.0,16881.0,15,,Bank Transfer,Returned,1.9,10.0,1,
JO-2023-10136,2023-04-29,Chidi Okonkwo,Abuja,Fashion,Wireless Earbuds,4.0,38684.0,15,,Cash,Completed,4.8,10.0,0,
JO-2023-10137,2023-02-28,Rotimi Adesanya,Lagos,Sports,Laptop HP,2.0,,-5,,Bank Transfer,Completed,3.5,,0,
JO-2023-10138,2023-01-05,Hauwa Ibrahim,Oyo,Groceries,Ankara Dress,5.0,10981.13,10,,Bank Transfer,Shipped,4.8,,1,
JO-2023-10139,2023-08-06,Ngozi Adeyemi,Delta,Beauty,Football,2.0,17990.17,20,,Jumia Pay,Returned,3.4,,0,
JO-2023-10140,2023-08-04,Fatima Musa,Lagos,Home & Kitchen,Shea Butter,4.0,44740.03,25,,POS Card,Returned,3.1,5.0,0,
JO-2023-10141,2023-01-26,Bola Tinubu,Abuja,Electronics,Ankara Dress,,76738.95,15,,POS Card,Completed,,1.0,0,
JO-2023-10142,2023-05-27,Ngozi Adeyemi,Edo,Groceries,Shea Butter,3.0,51170.24,30,,Bank Transfer,Processing,,10.0,1,
JO-2023-10143,2023-08-09,Rotimi Adesanya,Delta,Sports,Laptop HP,2.0,14947.91,20,,Jumia Pay,Shipped,4.5,8.0,0,
JO-2023-10144,2023-09-07,Rotimi Adesanya,Abuja,Computing,Ankara Dress,2.0,3815.48,10,,Jumia Pay,Completed,3.2,,0,
JO-2023-10145,2023-09-20,Fatima Musa,Edo,Beauty,Football,1.0,8933.61,0,,Bank Transfer,Processing,4.0,,1,
JO-2023-10146,2023-03-29,Bola Tinubu,Lagos,Computing,Pressure Cooker,5.0,18518.3,-5,,Bank Transfer,Processing,,,0,
JO-2023-10147,2023-09-27,Hauwa Ibrahim,Oyo,Computing,Ankara Dress,3.0,80114.75,10,,Cash,Returned,3.4,6.0,0,
JO-2023-10148,2023-02-22,Chidi Okonkwo,Lagos,Electronics,Football,,3356.21,10,,USSD,Processing,,,0,
JO-2023-10149,2023-11-22,Chidi Okonkwo,Rivers,Beauty,Football,5.0,37493.96,0,,Jumia Pay,Processing,1.3,7.0,0,
JO-2023-10150,2023-12-19,Emeka Obi,Rivers,Computing,Laptop HP,2.0,2717.75,-5,,Cash,Shipped,4.6,,0,
JO-2023-10151,2023-01-27,Ngozi Adeyemi,Edo,Fashion,Wireless Earbuds,4.0,7221.07,15,,Bank Transfer,Returned,2.7,,0,
JO-2023-10152,2023-03-19,Bola Tinubu,Oyo,Home & Kitchen,Football,1.0,2828.11,-5,,Jumia Pay,Shipped,1.6,,0,
JO-2023-10153,2023-05-27,Ngozi Adeyemi,Delta,Sports,Football,3.0,69088.99,-5,,USSD,Returned,,,0,
JO-2023-10154,2023-01-08,Fatima Musa,Delta,Computing,Shea Butter,5.0,4202.09,-5,,Cash,Processing,2.4,,0,
JO-2023-10155,2023-02-20,Hauwa Ibrahim,Enugu,Electronics,"Smart TV 43""",3.0,45335.26,20,,POS Card,Shipped,3.2,3.0,0,
JO-2023-10156,2023-06-12,Emeka Obi,Abuja,Fashion,Wireless Earbuds,1.0,72727.44,25,,Cash,Returned,,11.0,0,
JO-2023-10157,2023-01-24,Chidi Okonkwo,Lagos,Electronics,Football,4.0,18049.53,10,,Bank Transfer,Returned,,13.0,1,
JO-2023-10158,2023-12-19,Amaka Eze,Edo,Sports,Rice 50kg,4.0,52409.49,25,,Cash,Shipped,3.4,12.0,1,
JO-2023-10159,2023-02-10,Chidi Okonkwo,Lagos,Home & Kitchen,Football,4.0,107788.37,10,,Bank Transfer,Returned,1.8,14.0,1,
JO-2023-10160,2023-01-25,Emeka Obi,Oyo,Computing,Rice 50kg,3.0,19383.64,30,,Bank Transfer,Returned,3.8,13.0,0,
JO-2023-10161,2023-01-11,Amaka Eze,,Groceries,Rice 50kg,2.0,195861.28,30,,Jumia Pay,Returned,,,0,
JO-2023-10162,2023-11-19,Ngozi Adeyemi,Edo,Home & Kitchen,Pressure Cooker,4.0,8796.1,-5,,Cash,Returned,2.4,,0,
JO-2023-10163,2023-02-19,Chidi Okonkwo,Enugu,Groceries,Football,2.0,74077.81,15,,Cash,Shipped,3.6,1.0,1,
JO-2023-10164,2023-05-17,Bola Tinubu,Abuja,Home & Kitchen,"Smart TV 43""",4.0,5541.98,0,,Bank Transfer,Shipped,3.3,10.0,0,
JO-2023-10165,2023-07-31,Rotimi Adesanya,Enugu,Groceries,Wireless Earbuds,2.0,86185.96,0,,USSD,Completed,,,0,
JO-2023-10166,2023-01-31,Fatima Musa,Kano,Home & Kitchen,Rice 50kg,3.0,36116.1,5,,Bank Transfer,Completed,2.6,9.0,0,
JO-2023-10167,2023-06-12,Hauwa Ibrahim,Edo,Sports,"Smart TV 43""",1.0,,0,,USSD,Shipped,1.5,,0,
JO-2023-10168,2023-09-04,Hauwa Ibrahim,Edo,,Football,4.0,41640.85,5,,Jumia Pay,Returned,,11.0,1,
JO-2023-10169,2023-08-30,Ngozi Adeyemi,,Fashion,Pressure Cooker,4.0,13561.17,10,,POS Card,Processing,1.2,12.0,0,
JO-2023-10170,2023-12-14,Chidi Okonkwo,Rivers,Sports,Laptop HP,3.0,23584.85,25,,USSD,Completed,3.1,,1,
JO-2023-10171,2023-09-11,Ngozi Adeyemi,Oyo,Groceries,Ankara Dress,2.0,6299.15,5,,USSD,Shipped,4.8,1.0,1,
JO-2023-10172,2023-11-12,Hauwa Ibrahim,Delta,Sports,Pressure Cooker,3.0,3476.21,15,,Jumia Pay,Cancelled,1.5,,1,
JO-2023-10173,2023-09-17,Fatima Musa,Kano,Home & Kitchen,Ankara Dress,4.0,8261.66,10,,USSD,Shipped,3.8,14.0,0,
JO-2023-10174,2023-04-07,Bola Tinubu,Enugu,Fashion,Laptop HP,4.0,17497.12,-5,,POS Card,Cancelled,,,1,
JO-2023-10175,2023-07-27,Chidi Okonkwo,Oyo,,Ankara Dress,4.0,8404.4,-5,,Jumia Pay,Completed,1.8,4.0,1,
JO-2023-10176,2023-07-31,Rotimi Adesanya,Rivers,Computing,"Smart TV 43""",3.0,10751.85,0,,USSD,Returned,,,0,
JO-2023-10177,2023-09-24,Fatima Musa,Delta,Beauty,Rice 50kg,3.0,10717.13,5,,Bank Transfer,Processing,1.4,10.0,0,
JO-2023-10178,2023-09-05,Bola Tinubu,Delta,Electronics,Pressure Cooker,5.0,8812.12,15,,Jumia Pay,Returned,,1.0,0,
JO-2023-10179,2023-02-13,Rotimi Adesanya,Delta,Beauty,"Smart TV 43""",,13044.3,30,,POS Card,Shipped,3.3,,0,
JO-2023-10180,2023-04-16,Bola Tinubu,Edo,Groceries,Ankara Dress,4.0,121121.81,10,,Jumia Pay,Shipped,,,1,
JO-2023-10181,2023-03-01,Rotimi Adesanya,Enugu,Beauty,Wireless Earbuds,1.0,14364.47,5,,Bank Transfer,Returned,3.8,6.0,0,
JO-2023-10182,2023-12-24,Rotimi Adesanya,Kano,Fashion,Laptop HP,4.0,62199.25,5,,Cash,Shipped,4.3,9.0,0,
JO-2023-10183,2023-04-27,Hauwa Ibrahim,Kano,Sports,Rice 50kg,3.0,5737.66,10,,Bank Transfer,Shipped,1.7,,0,
JO-2023-10184,2023-03-25,Rotimi Adesanya,Abuja,Beauty,Shea Butter,3.0,11689.97,20,,Cash,Cancelled,1.4,,0,
JO-2023-10185,2023-08-14,Ngozi Adeyemi,Delta,Electronics,Laptop HP,3.0,16884.5,30,,Bank Transfer,Returned,2.7,1.0,1,
JO-2023-10186,2023-09-22,Amaka Eze,Rivers,Sports,"Smart TV 43""",1.0,6770.17,0,,USSD,Processing,1.5,14.0,0,
JO-2023-10187,2023-12-18,Chidi Okonkwo,Edo,Groceries,Shea Butter,5.0,54478.51,-5,,USSD,Shipped,,2.0,0,
JO-2023-10188,2023-01-26,Chidi Okonkwo,Edo,Computing,Wireless Earbuds,3.0,16900.35,5,,POS Card,Shipped,,8.0,0,
JO-2023-10189,2023-05-16,Rotimi Adesanya,Rivers,Electronics,Pressure Cooker,5.0,5611.05,5,,POS Card,Processing,,,1,
JO-2023-10190,2023-04-16,Fatima Musa,,Fashion,Shea Butter,4.0,1103803.99,0,,USSD,Cancelled,,,0,
JO-2023-10191,2023-02-07,Emeka Obi,Rivers,Electronics,Football,2.0,48226.6,10,,Jumia Pay,Processing,,2.0,0,
JO-2023-10192,2023-09-10,Hauwa Ibrahim,Lagos,Computing,Shea Butter,5.0,24614.43,25,,Jumia Pay,Shipped,4.6,,0,
JO-2023-10193,2023-05-29,Ngozi Adeyemi,Edo,Electronics,Rice 50kg,,13191.69,15,,Jumia Pay,Returned,3.4,5.0,0,
JO-2023-10194,2023-09-21,Chidi Okonkwo,Edo,Sports,Wireless Earbuds,5.0,3872.93,5,,POS Card,Returned,4.8,12.0,0,
JO-2023-10195,2023-10-09,Bola Tinubu,Kano,Fashion,Ankara Dress,5.0,26528.88,25,,Cash,Cancelled,1.3,,0,
JO-2023-10196,2023-01-24,Emeka Obi,Abuja,Computing,Wireless Earbuds,1.0,63183.01,0,,Cash,Completed,4.3,10.0,0,
JO-2023-10197,2023-07-14,Fatima Musa,Delta,Beauty,Pressure Cooker,1.0,1374.22,0,,Bank Transfer,Cancelled,4.4,7.0,0,
JO-2023-10198,2023-01-19,Hauwa Ibrahim,Rivers,Computing,Rice 50kg,2.0,62311.51,0,,POS Card,Cancelled,,13.0,0,
JO-2023-10199,2023-10-06,Chidi Okonkwo,Edo,Groceries,Football,5.0,44880.33,-5,,POS Card,Returned,4.1,12.0,1,
JO-2023-10200,2023-02-18,Hauwa Ibrahim,Enugu,Fashion,Shea Butter,1.0,10541.11,20,,USSD,Returned,,11.0,1,
JO-2023-10201,2023-07-24,Ngozi Adeyemi,Abuja,Beauty,Wireless Earbuds,4.0,40184.93,-5,,Jumia Pay,Returned,4.7,,0,
JO-2023-10202,2023-10-28,Fatima Musa,Rivers,Sports,Shea Butter,4.0,,20,,Bank Transfer,Completed,2.1,7.0,0,
JO-2023-10203,2023-12-16,Chidi Okonkwo,Lagos,Beauty,Shea Butter,4.0,22325.76,5,,Cash,Processing,4.9,,1,
JO-2023-10204,2023-06-25,Rotimi Adesanya,Rivers,Home & Kitchen,Wireless Earbuds,1.0,5514.51,25,,Bank Transfer,Returned,,14.0,1,
JO-2023-10205,2023-04-30,Amaka Eze,,,Laptop HP,5.0,121399.14,5,,Cash,Completed,3.5,14.0,0,
JO-2023-10206,2023-12-01,Bola Tinubu,enugu,Computing,Laptop HP,2.0,6875.12,5,,Jumia Pay,Completed,,3.0,1,
JO-2023-10207,2023-09-17,Bola Tinubu,Edo,Computing,Rice 50kg,5.0,73550.17,25,,POS Card,Completed,1.3,9.0,0,
JO-2023-10208,2023-08-04,Hauwa Ibrahim,Abuja,Beauty,Laptop HP,4.0,90197.08,5,,Cash,Shipped,,4.0,0,
JO-2023-10209,2023-09-27,Chidi Okonkwo,Delta,Computing,Wireless Earbuds,3.0,10107.6,15,,POS Card,Cancelled,,8.0,0,
JO-2023-10210,2023-08-05,Amaka Eze,Edo,Computing,Wireless Earbuds,3.0,2672.84,-5,,Cash,Cancelled,4.8,,0,
JO-2023-10211,2023-03-29,Bola Tinubu,Oyo,Computing,Football,5.0,36621.21,15,,POS Card,Completed,,5.0,0,
JO-2023-10212,2023-11-20,Amaka Eze,Edo,Beauty,Laptop HP,2.0,2260.89,25,,POS Card,Processing,4.4,11.0,0,
JO-2023-10213,2023-04-16,Amaka Eze,Kano,Home & Kitchen,Football,2.0,22388.52,30,,Cash,Returned,1.9,8.0,1,
JO-2023-10214,2023-12-07,Ngozi Adeyemi,Oyo,Home & Kitchen,Shea Butter,4.0,5975.8,30,,Cash,Cancelled,3.0,3.0,0,
JO-2023-10215,2023-02-20,Emeka Obi,Abuja,Beauty,Ankara Dress,5.0,36092.48,15,,Cash,Returned,2.4,9.0,1,
JO-2023-10216,2023-02-09,Chidi Okonkwo,Kano,Sports,Laptop HP,2.0,239971.42,-5,,Cash,Processing,3.7,,0,
JO-2023-10217,2023-03-05,Chidi Okonkwo,Abuja,Home & Kitchen,Shea Butter,2.0,4406.79,5,,POS Card,Cancelled,,,0,
JO-2023-10218,2023-06-25,Hauwa Ibrahim,Edo,Fashion,Laptop HP,5.0,59553.86,0,,Bank Transfer,Cancelled,3.6,,1,
JO-2023-10219,2023-01-13,Rotimi Adesanya,Delta,Electronics,"Smart TV 43""",2.0,5510.78,-5,,USSD,Processing,,,0,
JO-2023-10220,2023-03-25,Rotimi Adesanya,Lagos,Sports,Rice 50kg,1.0,5607.12,15,,Jumia Pay,Cancelled,1.2,,1,
JO-2023-10221,2023-09-11,Rotimi Adesanya,Abuja,Computing,Laptop HP,2.0,30017.82,15,,POS Card,Returned,,3.0,1,
JO-2023-10222,2023-01-26,Fatima Musa,Oyo,Groceries,Laptop HP,1.0,9702.71,15,,POS Card,Processing,2.5,1.0,0,
JO-2023-10223,2023-04-11,Chidi Okonkwo,Oyo,Sports,Pressure Cooker,2.0,13047.96,15,,USSD,Returned,1.3,8.0,0,
JO-2023-10224,2023-03-25,Ngozi Adeyemi,Enugu,Electronics,Football,4.0,247240.59,15,,Cash,Cancelled,4.3,10.0,1,
JO-2023-10225,2023-11-24,Fatima Musa,,Fashion,"Smart TV 43""",5.0,19357.02,10,,Jumia Pay,Cancelled,2.4,8.0,0,
JO-2023-10226,2023-03-24,Emeka Obi,Delta,Electronics,"Smart TV 43""",3.0,9158.52,-5,,Cash,Shipped,1.3,,0,
JO-2023-10227,2023-05-25,Fatima Musa,Oyo,Electronics,"Smart TV 43""",,43882.97,5,,POS Card,Returned,1.8,4.0,0,
JO-2023-10228,2023-07-25,Amaka Eze,Kano,Sports,Football,4.0,21171.57,-5,,Jumia Pay,Shipped,1.9,13.0,0,
JO-2023-10229,2023-06-12,Amaka Eze,,Groceries,Rice 50kg,5.0,12647.32,5,,Jumia Pay,Completed,,,0,
JO-2023-10230,2023-01-23,Bola Tinubu,,Beauty,Wireless Earbuds,4.0,2194.12,15,,USSD,Cancelled,4.7,12.0,0,
JO-2023-10231,2023-11-22,Hauwa Ibrahim,,Electronics,Ankara Dress,5.0,73591.49,0,,Cash,Shipped,1.3,9.0,0,
JO-2023-10232,2023-08-02,Rotimi Adesanya,Delta,Computing,Shea Butter,4.0,144224.27,10,,POS Card,Cancelled,,2.0,0,
JO-2023-10233,2023-10-02,Chidi Okonkwo,,Groceries,Wireless Earbuds,1.0,9067.46,20,,Bank Transfer,Completed,,,1,
JO-2023-10234,2023-04-25,Rotimi Adesanya,Rivers,Sports,Ankara Dress,3.0,27584.43,5,,USSD,Processing,,2.0,0,
JO-2023-10235,2023-11-26,Amaka Eze,,Computing,Pressure Cooker,5.0,19790.79,0,,Bank Transfer,Returned,4.7,13.0,0,
JO-2023-10236,2023-03-15,Bola Tinubu,Abuja,Electronics,Shea Butter,3.0,3137.11,30,,USSD,Cancelled,,6.0,0,
JO-2023-10237,2023-04-17,Fatima Musa,Edo,Electronics,Laptop HP,4.0,,0,,USSD,Completed,1.0,4.0,0,
JO-2023-10238,2023-12-16,Ngozi Adeyemi,Lagos,Home & Kitchen,Ankara Dress,5.0,2568.55,25,,Cash,Cancelled,4.1,13.0,0,
JO-2023-10239,2023-11-14,Emeka Obi,Edo,Home & Kitchen,Wireless Earbuds,1.0,22046.3,-5,,Cash,Returned,,10.0,0,
JO-2023-10240,2023-03-26,Amaka Eze,Edo,Sports,Ankara Dress,,3619.52,15,,POS Card,Completed,4.6,4.0,0,
JO-2023-10241,2023-06-16,Hauwa Ibrahim,Enugu,Electronics,Laptop HP,4.0,94465.61,15,,USSD,Shipped,2.2,3.0,0,
JO-2023-10242,2023-08-06,Fatima Musa,Rivers,Sports,"Smart TV 43""",4.0,8324.51,5,,Jumia Pay,Returned,1.2,,0,
JO-2023-10243,2023-09-13,Ngozi Adeyemi,Abuja,Home & Kitchen,Pressure Cooker,1.0,,25,,Cash,Completed,1.5,8.0,0,
JO-2023-10244,2023-10-03,Bola Tinubu,,Home & Kitchen,Rice 50kg,4.0,20760.48,20,,Bank Transfer,Returned,,,0,
JO-2023-10245,2023-07-04,Emeka Obi,Enugu,Home & Kitchen,Laptop HP,3.0,71106.63,30,,USSD,Processing,,,0,
JO-2023-10246,2023-06-13,Emeka Obi,Oyo,Computing,"Smart TV 43""",3.0,6114.34,15,,Cash,Cancelled,3.2,,0,
JO-2023-10247,2023-07-30,Bola Tinubu,Abuja,Electronics,Ankara Dress,1.0,38490.37,25,,USSD,Shipped,,14.0,0,
JO-2023-10248,2023-01-08,Emeka Obi,Abuja,Fashion,Wireless Earbuds,3.0,44202.22,25,,Bank Transfer,Completed,,3.0,0,
JO-2023-10249,2023-11-25,Amaka Eze,Rivers,Beauty,Wireless Earbuds,1.0,4201.53,15,,USSD,Returned,3.4,11.0,0,
JO-2023-10250,2023-12-24,Ngozi Adeyemi,Abuja,Sports,Shea Butter,5.0,38465.54,0,,USSD,Returned,1.4,5.0,0,
JO-2023-10251,2023-01-18,Hauwa Ibrahim,Rivers,Electronics,Wireless Earbuds,3.0,50192.7,0,,USSD,Shipped,,,1,
JO-2023-10252,2023-08-13,Bola Tinubu,Rivers,Groceries,Ankara Dress,5.0,18127.53,15,,Jumia Pay,Processing,2.3,,0,
JO-2023-10253,2023-02-11,Hauwa Ibrahim,Delta,Groceries,Shea Butter,5.0,35655.77,25,,Bank Transfer,Processing,1.3,9.0,1,
JO-2023-10254,2023-12-07,Emeka Obi,Delta,Groceries,Rice 50kg,2.0,12732.42,25,,Bank Transfer,Shipped,3.1,,0,
JO-2023-10255,2023-07-22,Hauwa Ibrahim,Enugu,Beauty,"Smart TV 43""",3.0,35754.29,20,,Bank Transfer,Shipped,3.7,6.0,1,
JO-2023-10256,2023-02-23,Emeka Obi,,Fashion,Wireless Earbuds,3.0,49746.78,20,,Cash,Completed,3.7,3.0,0,
JO-2023-10257,2023-07-26,Bola Tinubu,Rivers,Fashion,"Smart TV 43""",1.0,71108.14,-5,,POS Card,Completed,,,1,
JO-2023-10258,2023-04-13,Bola Tinubu,Oyo,Fashion,Ankara Dress,2.0,8548.8,-5,,Bank Transfer,Processing,4.9,,0,
JO-2023-10259,2023-12-14,Fatima Musa,Abuja,Home & Kitchen,Laptop HP,4.0,139528.92,-5,,Jumia Pay,Shipped,4.7,5.0,0,
JO-2023-10260,2023-04-27,Fatima Musa,Oyo,Groceries,Wireless Earbuds,5.0,25943.72,30,,Cash,Returned,,,0,
JO-2023-10261,2023-06-27,Rotimi Adesanya,Enugu,Home & Kitchen,Wireless Earbuds,5.0,647614.98,10,,POS Card,Shipped,,12.0,0,
JO-2023-10262,2023-04-18,Emeka Obi,Enugu,Electronics,Wireless Earbuds,,5502.62,15,,POS Card,Shipped,3.2,,0,
JO-2023-10263,2023-01-30,Chidi Okonkwo,Oyo,Beauty,Rice 50kg,5.0,9861.89,20,,Jumia Pay,Processing,,9.0,0,
JO-2023-10264,2023-02-27,Chidi Okonkwo,Edo,Electronics,Pressure Cooker,3.0,20166.09,20,,Cash,Processing,4.1,,1,
JO-2023-10265,2023-05-05,Chidi Okonkwo,Oyo,Groceries,Wireless Earbuds,3.0,2302.52,10,,Jumia Pay,Processing,,,0,
JO-2023-10266,2023-08-23,Emeka Obi,Abuja,Fashion,Laptop HP,3.0,218077.43,5,,Cash,Completed,1.8,8.0,0,
JO-2023-10267,2023-02-01,Chidi Okonkwo,Rivers,Groceries,Wireless Earbuds,5.0,9747.82,5,,POS Card,Shipped,,9.0,0,
JO-2023-10268,2023-04-11,Bola Tinubu,Oyo,Computing,Shea Butter,4.0,8391.73,15,,USSD,Shipped,,,1,
JO-2023-10269,2023-06-15,Ngozi Adeyemi,Abuja,Groceries,Shea Butter,5.0,160145.13,20,,Bank Transfer,Returned,3.6,,0,
JO-2023-10270,2023-05-31,Emeka Obi,Oyo,Sports,Shea Butter,5.0,106089.79,30,,USSD,Shipped,,12.0,0,
JO-2023-10271,2023-12-30,Bola Tinubu,Oyo,Electronics,Shea Butter,4.0,27654.95,-5,,USSD,Completed,2.1,,1,
JO-2023-10272,2023-08-22,Hauwa Ibrahim,Lagos,Beauty,Football,2.0,63775.08,20,,Jumia Pay,Shipped,2.2,14.0,0,
JO-2023-10273,2023-09-21,Ngozi Adeyemi,Delta,Groceries,Laptop HP,5.0,14499.55,20,,Bank Transfer,Processing,,1.0,0,
JO-2023-10274,2023-01-13,Amaka Eze,Oyo,Computing,Wireless Earbuds,2.0,12482.42,0,,USSD,Shipped,1.1,,0,
JO-2023-10275,2023-02-13,Ngozi Adeyemi,Rivers,Sports,Rice 50kg,2.0,10733.72,5,,Jumia Pay,Completed,4.8,,1,
JO-2023-10276,2023-12-12,Ngozi Adeyemi,Delta,Computing,Wireless Earbuds,,25474.17,-5,,POS Card,Cancelled,4.8,,0,
JO-2023-10277,2023-06-17,Emeka Obi,Oyo,Groceries,Wireless Earbuds,2.0,25035.06,30,,POS Card,Shipped,2.6,10.0,0,
JO-2023-10278,2023-10-14,Bola Tinubu,Enugu,Home & Kitchen,Wireless Earbuds,2.0,,30,,Bank Transfer,Shipped,3.3,3.0,0,
JO-2023-10279,2023-09-21,Fatima Musa,,Home & Kitchen,Pressure Cooker,4.0,5736.82,10,,Cash,Cancelled,4.2,13.0,1,
JO-2023-10280,2023-07-11,Emeka Obi,Edo,Home & Kitchen,Wireless Earbuds,5.0,39603.41,30,,Cash,Cancelled,,3.0,0,
JO-2023-10281,2023-10-12,Rotimi Adesanya,Delta,Beauty,Rice 50kg,4.0,5617.57,20,,Jumia Pay,Cancelled,3.6,3.0,0,
JO-2023-10282,2023-07-13,Rotimi Adesanya,Oyo,Electronics,"Smart TV 43""",1.0,7102.49,5,,Cash,Completed,2.3,5.0,0,
JO-2023-10283,2023-04-29,Bola Tinubu,Oyo,Groceries,"Smart TV 43""",1.0,799140.74,-5,,USSD,Processing,,,1,
JO-2023-10284,2023-09-25,Hauwa Ibrahim,Lagos,Beauty,Football,4.0,5338.88,15,,POS Card,Cancelled,4.1,6.0,0,
JO-2023-10285,2023-05-19,Hauwa Ibrahim,Kano,Fashion,Wireless Earbuds,5.0,6445.95,5,,POS Card,Shipped,,13.0,0,
JO-2023-10286,2023-06-29,Amaka Eze,Delta,Home & Kitchen,Pressure Cooker,5.0,75175.75,-5,,Jumia Pay,Shipped,2.7,6.0,0,
JO-2023-10287,2023-02-02,Rotimi Adesanya,Enugu,Electronics,Rice 50kg,2.0,45063.77,-5,,Cash,Processing,,,0,
JO-2023-10288,2023-05-11,Amaka Eze,Abuja,Computing,Laptop HP,5.0,23563.5,20,,POS Card,Completed,2.5,,0,
JO-2023-10289,2023-06-08,Hauwa Ibrahim,Lagos,Beauty,Rice 50kg,2.0,216922.2,10,,USSD,Cancelled,,6.0,0,
JO-2023-10290,2023-03-18,Ngozi Adeyemi,Edo,Computing,"Smart TV 43""",4.0,20326.23,-5,,Bank Transfer,Processing,,,0,
JO-2023-10291,2023-02-09,Ngozi Adeyemi,Rivers,Computing,Ankara Dress,4.0,50962.08,5,,USSD,Cancelled,4.0,,0,
JO-2023-10292,2023-01-15,Ngozi Adeyemi,Abuja,Sports,Pressure Cooker,,50045.37,10,,Bank Transfer,Returned,,9.0,0,
JO-2023-10293,2023-03-02,Chidi Okonkwo,Lagos,Beauty,Football,5.0,16375.87,0,,Cash,Shipped,2.5,,0,
JO-2023-10294,2023-07-13,Hauwa Ibrahim,,Beauty,"Smart TV 43""",2.0,31204.57,15,,Jumia Pay,Completed,,8.0,0,
JO-2023-10295,2023-01-01,Ngozi Adeyemi,Rivers,Computing,"Smart TV 43""",1.0,94958.33,10,,USSD,Cancelled,4.3,7.0,0,
JO-2023-10296,2023-01-27,Ngozi Adeyemi,Lagos,Beauty,Ankara Dress,4.0,31904.31,5,,USSD,Processing,4.1,14.0,0,
JO-2023-10297,2023-05-09,Rotimi Adesanya,Rivers,Electronics,Laptop HP,5.0,118951.06,30,,Bank Transfer,Completed,3.2,,1,
JO-2023-10298,2023-12-27,Fatima Musa,Lagos,Beauty,Wireless Earbuds,4.0,9621.36,5,,Jumia Pay,Completed,,12.0,1,
JO-2023-10299,2023-12-04,Chidi Okonkwo,Delta,Groceries,Ankara Dress,5.0,42270.13,10,,USSD,Cancelled,2.5,11.0,0,
JO-2023-10300,2023-08-12,Rotimi Adesanya,Kano,Home & Kitchen,Football,2.0,80297.54,20,,USSD,Completed,1.8,,0,
JO-2023-10301,2023-10-31,Amaka Eze,Kano,Computing,Football,3.0,16299.13,30,,Jumia Pay,Completed,4.2,4.0,0,
JO-2023-10302,2023-05-13,Amaka Eze,Delta,Groceries,Rice 50kg,2.0,125786.91,25,,Bank Transfer,Cancelled,,,0,
JO-2023-10303,2023-03-26,Rotimi Adesanya,Oyo,Sports,Pressure Cooker,2.0,141722.08,0,,Jumia Pay,Processing,,,0,
JO-2023-10304,2023-08-01,Amaka Eze,Delta,Home & Kitchen,"Smart TV 43""",3.0,55637.32,15,,Jumia Pay,Cancelled,,11.0,0,
JO-2023-10305,2023-01-07,Rotimi Adesanya,Rivers,Computing,Pressure Cooker,2.0,15884.84,0,,Jumia Pay,Completed,1.3,2.0,0,
JO-2023-10306,2023-09-10,Rotimi Adesanya,Lagos,Groceries,Pressure Cooker,2.0,14972.3,25,,POS Card,Shipped,3.0,11.0,0,
JO-2023-10307,2023-04-20,Ngozi Adeyemi,Delta,Sports,Wireless Earbuds,5.0,20275.38,0,,Bank Transfer,Shipped,,,0,
JO-2023-10308,2023-07-27,Emeka Obi,Lagos,Computing,Football,2.0,36107.32,10,,Bank Transfer,Processing,2.3,,1,
JO-2023-10309,2023-09-30,Rotimi Adesanya,Enugu,Electronics,Rice 50kg,,60912.68,15,,Jumia Pay,Completed,3.2,11.0,0,
JO-2023-10310,2023-01-21,Chidi Okonkwo,Delta,Beauty,Ankara Dress,5.0,113221.08,30,,Bank Transfer,Returned,3.1,3.0,0,
JO-2023-10311,2023-12-20,Hauwa Ibrahim,Edo,Sports,Laptop HP,5.0,10939.75,15,,POS Card,Cancelled,1.7,7.0,0,
JO-2023-10312,2023-06-15,Emeka Obi,Delta,Fashion,Shea Butter,4.0,29741.82,20,,Jumia Pay,Cancelled,,,1,
JO-2023-10313,2023-11-07,Emeka Obi,Abuja,Computing,Pressure Cooker,1.0,20914.09,20,,Bank Transfer,Cancelled,,2.0,0,
JO-2023-10314,2023-05-31,Bola Tinubu,Delta,Beauty,Wireless Earbuds,5.0,46825.92,15,,POS Card,Returned,3.8,9.0,0,
JO-2023-10315,2023-05-16,Chidi Okonkwo,Abuja,Groceries,Pressure Cooker,3.0,14195.19,10,,Bank Transfer,Cancelled,2.7,10.0,0,
JO-2023-10316,2023-08-06,Rotimi Adesanya,,Home & Kitchen,Ankara Dress,1.0,45165.11,5,,USSD,Processing,,6.0,0,
JO-2023-10317,2023-09-18,Fatima Musa,Kano,,Shea Butter,1.0,124587.2,30,,USSD,Cancelled,,,1,
JO-2023-10318,2023-09-13,Chidi Okonkwo,Lagos,Sports,Laptop HP,3.0,6565.1,0,,POS Card,Cancelled,1.7,2.0,0,
JO-2023-10319,2023-04-08,Rotimi Adesanya,Rivers,Computing,Pressure Cooker,3.0,456062.05,5,,Jumia Pay,Shipped,1.6,10.0,0,
JO-2023-10320,2023-08-01,Amaka Eze,Edo,Computing,Shea Butter,3.0,13077.92,5,,USSD,Returned,,,0,
JO-2023-10321,2023-04-26,Hauwa Ibrahim,Lagos,Sports,Ankara Dress,5.0,13213.97,25,,POS Card,Completed,,,0,
JO-2023-10322,2023-12-13,Bola Tinubu,Delta,Beauty,Pressure Cooker,4.0,4536.33,20,,POS Card,Shipped,1.1,,1,
JO-2023-10323,2023-08-20,Hauwa Ibrahim,Edo,Computing,Wireless Earbuds,1.0,12096.1,20,,POS Card,Returned,,,0,
JO-2023-10324,2023-04-02,Bola Tinubu,Enugu,Fashion,Shea Butter,4.0,150782.34,5,,Bank Transfer,Returned,,,1,
JO-2023-10325,2023-07-28,Ngozi Adeyemi,Oyo,Groceries,Pressure Cooker,,8389.96,5,,Bank Transfer,Completed,4.4,6.0,0,
JO-2023-10326,2023-09-02,Bola Tinubu,Abuja,Beauty,Pressure Cooker,4.0,8794.26,30,,POS Card,Shipped,,7.0,0,
JO-2023-10327,2023-08-24,Hauwa Ibrahim,Enugu,Sports,Rice 50kg,3.0,963.48,0,,POS Card,Completed,3.0,12.0,0,
JO-2023-10328,2023-06-07,Amaka Eze,Abuja,Groceries,Wireless Earbuds,5.0,163672.3,5,,Bank Transfer,Shipped,1.8,8.0,0,
JO-2023-10329,2023-10-03,Amaka Eze,Enugu,Groceries,Football,1.0,22212.7,5,,USSD,Cancelled,,11.0,0,
JO-2023-10330,2023-02-20,Emeka Obi,Abuja,Sports,Ankara Dress,5.0,3839.39,20,,Bank Transfer,Returned,2.1,10.0,0,
JO-2023-10331,2023-08-07,Chidi Okonkwo,,Computing,Football,2.0,18681.86,20,,Bank Transfer,Completed,3.4,,1,
JO-2023-10332,2023-02-07,Emeka Obi,Abuja,Computing,Football,5.0,,-5,,Bank Transfer,Returned,2.2,10.0,0,
JO-2023-10333,2023-10-04,Emeka Obi,Delta,Home & Kitchen,Rice 50kg,1.0,71866.36,5,,Cash,Shipped,3.7,,0,
JO-2023-10334,2023-11-30,Ngozi Adeyemi,Rivers,Fashion,Pressure Cooker,3.0,7758.96,5,,USSD,Completed,1.0,,1,
JO-2023-10335,2023-03-09,Amaka Eze,Kano,Sports,Ankara Dress,4.0,9552.66,25,,Jumia Pay,Cancelled,,,0,
JO-2023-10336,2023-07-07,Chidi Okonkwo,Kano,Computing,Ankara Dress,2.0,23483.93,25,,USSD,Completed,2.1,,0,
JO-2023-10337,2023-02-04,Hauwa Ibrahim,Delta,Fashion,Football,2.0,2245.51,15,,Cash,Cancelled,3.2,5.0,0,
JO-2023-10338,2023-08-06,Ngozi Adeyemi,Kano,Home & Kitchen,Rice 50kg,4.0,45032.6,5,,POS Card,Returned,,,1,
JO-2023-10339,2023-12-29,Emeka Obi,Edo,Sports,"Smart TV 43""",1.0,186386.32,30,,USSD,Cancelled,1.4,,0,
JO-2023-10340,2023-04-08,Chidi Okonkwo,Abuja,Groceries,Rice 50kg,5.0,,15,,Jumia Pay,Returned,4.9,5.0,0,
JO-2023-10341,2023-03-03,Fatima Musa,Edo,Sports,Ankara Dress,5.0,23145.84,15,,Jumia Pay,Returned,4.5,,0,
JO-2023-10342,2023-07-20,Chidi Okonkwo,Delta,Computing,Rice 50kg,2.0,10525.43,10,,Bank Transfer,Returned,,,0,
JO-2023-10343,2023-06-08,Bola Tinubu,Oyo,Beauty,Shea Butter,4.0,16465.45,30,,Jumia Pay,Returned,1.4,1.0,0,
JO-2023-10344,2023-04-22,Rotimi Adesanya,Abuja,Electronics,Laptop HP,3.0,6782.41,-5,,Cash,Processing,4.5,12.0,1,
JO-2023-10345,2023-12-13,Emeka Obi,Delta,Computing,Rice 50kg,3.0,42064.57,-5,,Jumia Pay,Returned,4.8,,1,
JO-2023-10346,2023-06-11,Amaka Eze,Enugu,Beauty,Shea Butter,1.0,14345.41,25,,Bank Transfer,Completed,2.5,,0,
JO-2023-10347,2023-12-03,Ngozi Adeyemi,Lagos,Beauty,Laptop HP,5.0,47918.55,5,,Jumia Pay,Processing,1.1,,0,
JO-2023-10348,2023-11-24,Bola Tinubu,Edo,Groceries,Wireless Earbuds,2.0,32446.8,-5,,USSD,Cancelled,,10.0,0,
JO-2023-10349,2023-02-28,Bola Tinubu,Oyo,Sports,Pressure Cooker,3.0,35380.39,25,,Jumia Pay,Completed,4.5,7.0,1,
JO-2023-10350,2023-01-22,Fatima Musa,Lagos,Electronics,"Smart TV 43""",1.0,6810.06,10,,Bank Transfer,Cancelled,1.3,11.0,0,
JO-2023-10351,2023-08-11,Bola Tinubu,Abuja,Fashion,Shea Butter,5.0,36245.46,25,,Jumia Pay,Processing,3.4,6.0,0,
JO-2023-10352,2023-05-14,Chidi Okonkwo,Edo,Fashion,Football,1.0,25263.02,0,,Jumia Pay,Processing,4.8,4.0,1,
JO-2023-10353,2023-05-06,Ngozi Adeyemi,Oyo,Computing,Football,1.0,23407.18,10,,POS Card,Completed,3.0,8.0,0,
JO-2023-10354,2023-01-16,Chidi Okonkwo,Kano,Electronics,Pressure Cooker,5.0,28256.83,10,,POS Card,Shipped,,13.0,0,
JO-2023-10355,2023-09-21,Fatima Musa,Edo,Groceries,Pressure Cooker,3.0,16573.76,15,,POS Card,Completed,1.3,6.0,0,
JO-2023-10356,2023-09-09,Hauwa Ibrahim,Delta,Beauty,Football,4.0,69439.24,-5,,POS Card,Processing,,9.0,0,
JO-2023-10357,2023-05-25,Hauwa Ibrahim,,Home & Kitchen,Football,1.0,11232.37,30,,Cash,Shipped,3.0,11.0,1,
JO-2023-10358,2023-07-12,Chidi Okonkwo,Abuja,Beauty,Ankara Dress,1.0,6627.52,25,,Cash,Returned,2.1,1.0,0,
JO-2023-10359,2023-12-27,Emeka Obi,Kano,Electronics,Wireless Earbuds,4.0,8171.34,10,,Bank Transfer,Cancelled,4.4,4.0,1,
JO-2023-10360,2023-11-14,Bola Tinubu,Abuja,Electronics,Laptop HP,4.0,6078.19,0,,Jumia Pay,Returned,,,0,
JO-2023-10361,2023-04-21,Hauwa Ibrahim,Edo,Beauty,Ankara Dress,4.0,10857.5,-5,,Bank Transfer,Shipped,,11.0,0,
JO-2023-10362,2023-06-10,Bola Tinubu,Edo,Fashion,Rice 50kg,2.0,8620.88,-5,,Bank Transfer,Cancelled,1.1,,0,
JO-2023-10363,2023-09-07,Ngozi Adeyemi,Kano,,Ankara Dress,2.0,2812.11,0,,Bank Transfer,Cancelled,3.6,13.0,1,
JO-2023-10364,2023-04-27,Chidi Okonkwo,Rivers,Computing,Football,5.0,70301.15,0,,Jumia Pay,Cancelled,,9.0,1,
JO-2023-10365,2023-06-05,Ngozi Adeyemi,Enugu,Computing,Rice 50kg,1.0,11616.43,-5,,Cash,Cancelled,,4.0,1,
JO-2023-10366,2023-09-25,Amaka Eze,Rivers,Computing,Laptop HP,3.0,15819.99,10,,Cash,Completed,1.4,,0,
JO-2023-10367,2023-05-04,Hauwa Ibrahim,Oyo,Fashion,Shea Butter,1.0,32871.96,20,,Bank Transfer,Returned,,,0,
JO-2023-10368,2023-02-15,Ngozi Adeyemi,,Groceries,Laptop HP,1.0,22828.06,25,,POS Card,Returned,,,0,
JO-2023-10369,2023-01-07,Rotimi Adesanya,Delta,Computing,Shea Butter,1.0,46232.52,20,,Bank Transfer,Returned,,2.0,1,
JO-2023-10370,2023-09-12,Fatima Musa,Enugu,Beauty,Shea Butter,2.0,12180.38,15,,Cash,Shipped,3.9,,0,
JO-2023-10371,2023-11-01,Amaka Eze,Lagos,Home & Kitchen,Pressure Cooker,5.0,18137.87,15,,USSD,Processing,2.8,,0,
JO-2023-10372,2023-01-16,Rotimi Adesanya,Edo,Fashion,Football,5.0,107871.26,25,,USSD,Processing,,,0,
JO-2023-10373,2023-06-14,Hauwa Ibrahim,Edo,Home & Kitchen,Shea Butter,2.0,20732.39,30,,Bank Transfer,Completed,,,0,
JO-2023-10374,2023-05-07,Emeka Obi,Kano,Computing,Rice 50kg,3.0,46743.86,30,,Cash,Shipped,2.1,,0,
JO-2023-10375,2023-02-24,Chidi Okonkwo,Abuja,Beauty,Laptop HP,2.0,11864.18,10,,USSD,Processing,4.6,10.0,0,
JO-2023-10376,2023-04-28,Amaka Eze,Edo,Home & Kitchen,Laptop HP,3.0,18668.55,5,,Jumia Pay,Cancelled,3.6,,0,
JO-2023-10377,2023-04-05,Hauwa Ibrahim,Kano,Home & Kitchen,Laptop HP,4.0,22941.06,5,,Cash,Completed,2.5,10.0,0,
JO-2023-10378,2023-11-29,Hauwa Ibrahim,Kano,Home & Kitchen,Wireless Earbuds,4.0,2683.54,0,,USSD,Processing,,,0,
JO-2023-10379,2023-05-13,Bola Tinubu,Lagos,Computing,Rice 50kg,1.0,106359.05,10,,Jumia Pay,Shipped,3.5,11.0,0,
JO-2023-10380,2023-05-03,Emeka Obi,Abuja,Beauty,Shea Butter,5.0,1410.82,25,,Jumia Pay,Completed,1.8,9.0,0,
JO-2023-10381,2023-03-02,Fatima Musa,Lagos,Groceries,Shea Butter,1.0,13721.75,25,,Bank Transfer,Shipped,,4.0,1,
JO-2023-10382,2023-04-11,Rotimi Adesanya,Oyo,Home & Kitchen,"Smart TV 43""",2.0,13737.36,-5,,POS Card,Cancelled,2.9,5.0,0,
JO-2023-10383,2023-03-13,Amaka Eze,Lagos,Beauty,Shea Butter,3.0,5242.72,25,,Bank Transfer,Returned,2.9,,1,
JO-2023-10384,2023-06-22,Rotimi Adesanya,Delta,Sports,Pressure Cooker,3.0,62654.62,25,,POS Card,Processing,,,0,
JO-2023-10385,2023-01-26,Bola Tinubu,Oyo,Groceries,Rice 50kg,2.0,49974.45,10,,Bank Transfer,Processing,2.9,,0,
JO-2023-10386,2023-12-21,Rotimi Adesanya,Oyo,Beauty,Rice 50kg,3.0,36067.98,30,,Cash,Returned,4.3,,0,
JO-2023-10387,2023-04-09,Hauwa Ibrahim,Delta,Home & Kitchen,"Smart TV 43""",3.0,3283.68,30,,USSD,Shipped,2.9,,1,
JO-2023-10388,2023-01-16,Chidi Okonkwo,Rivers,Sports,Laptop HP,5.0,9780.88,30,,Cash,Cancelled,,14.0,0,
JO-2023-10389,2023-08-02,Emeka Obi,Oyo,Groceries,Wireless Earbuds,1.0,7667.39,15,,Jumia Pay,Completed,,,0,
JO-2023-10390,2023-08-18,Ngozi Adeyemi,Abuja,Sports,Rice 50kg,4.0,8135.0,10,,Bank Transfer,Processing,5.0,,0,
JO-2023-10391,2023-07-28,Amaka Eze,Abuja,Sports,Football,2.0,5715.39,0,,Cash,Processing,,8.0,0,
JO-2023-10392,2023-09-06,Hauwa Ibrahim,Edo,Sports,"Smart TV 43""",5.0,27759.81,5,,Bank Transfer,Returned,,,0,
JO-2023-10393,2023-02-10,Chidi Okonkwo,Edo,Fashion,"Smart TV 43""",4.0,21963.15,25,,Jumia Pay,Completed,4.5,4.0,0,
JO-2023-10394,2023-05-24,Amaka Eze,Rivers,Beauty,Wireless Earbuds,1.0,15988.89,-5,,USSD,Completed,,,0,
JO-2023-10395,2023-10-17,Chidi Okonkwo,Kano,Beauty,Football,5.0,223775.84,5,,Cash,Processing,,,0,
JO-2023-10396,2023-05-05,Hauwa Ibrahim,Rivers,Home & Kitchen,Shea Butter,2.0,19461.09,20,,USSD,Cancelled,3.4,4.0,0,
JO-2023-10397,2023-05-16,Emeka Obi,Rivers,Home & Kitchen,Football,5.0,18014.17,15,,Jumia Pay,Processing,3.2,,0,
JO-2023-10398,2023-04-08,Chidi Okonkwo,Abuja,Groceries,"Smart TV 43""",3.0,77857.78,-5,,POS Card,Processing,,10.0,1,
JO-2023-10399,2023-11-21,Amaka Eze,Lagos,Computing,Ankara Dress,5.0,13161.89,0,,Cash,Cancelled,3.9,8.0,0,
JO-2023-10400,2023-05-17,Chidi Okonkwo,Lagos,Sports,Pressure Cooker,4.0,16562.75,5,,Bank Transfer,Cancelled,,13.0,0,
JO-2023-10401,2023-03-24,Bola Tinubu,Abuja,Home & Kitchen,Ankara Dress,1.0,,5,,Jumia Pay,Completed,,8.0,0,
JO-2023-10402,2023-10-15,Hauwa Ibrahim,Kano,Beauty,"Smart TV 43""",3.0,86333.18,20,,Bank Transfer,Returned,,12.0,0,
JO-2023-10403,2023-07-07,Amaka Eze,Kano,Electronics,Football,4.0,49543.16,25,,USSD,Cancelled,3.1,14.0,0,
JO-2023-10404,2023-10-02,Bola Tinubu,Edo,Sports,Rice 50kg,5.0,16685.38,10,,Cash,Shipped,4.0,,0,
JO-2023-10405,2023-07-06,Rotimi Adesanya,Rivers,Fashion,Laptop HP,4.0,2365.75,10,,Jumia Pay,Completed,1.9,11.0,1,
JO-2023-10406,2023-05-12,Emeka Obi,,Electronics,Laptop HP,3.0,24512.22,30,,POS Card,Cancelled,,9.0,0,
JO-2023-10407,2023-09-11,Rotimi Adesanya,Abuja,Sports,Wireless Earbuds,1.0,13078.38,5,,Jumia Pay,Returned,4.0,,1,
JO-2023-10408,2023-03-09,Bola Tinubu,Abuja,Computing,Rice 50kg,5.0,46428.46,25,,Jumia Pay,Cancelled,1.5,,0,
JO-2023-10409,2023-09-14,Chidi Okonkwo,Oyo,Electronics,Laptop HP,5.0,9024.27,0,,Jumia Pay,Returned,3.3,14.0,0,
JO-2023-10410,2023-10-17,Fatima Musa,Kano,Fashion,Rice 50kg,2.0,20324.9,15,,Jumia Pay,Returned,3.5,1.0,0,
JO-2023-10411,2023-08-08,Emeka Obi,Abuja,Computing,Pressure Cooker,2.0,153137.72,30,,Jumia Pay,Completed,,,0,
JO-2023-10412,2023-05-24,Amaka Eze,Edo,Fashion,Rice 50kg,5.0,1747.53,25,,POS Card,Returned,4.5,,0,
JO-2023-10413,2023-05-31,Rotimi Adesanya,Kano,Home & Kitchen,Shea Butter,2.0,23592.22,25,,Cash,Cancelled,,,0,
JO-2023-10414,2023-02-12,Rotimi Adesanya,Rivers,Fashion,Wireless Earbuds,2.0,16854.74,10,,Bank Transfer,Cancelled,2.3,,0,
JO-2023-10415,2023-04-29,Hauwa Ibrahim,Edo,Computing,Rice 50kg,2.0,5612.1,-5,,USSD,Shipped,4.4,7.0,0,
JO-2023-10416,2023-03-26,Fatima Musa,Abuja,Sports,Shea Butter,5.0,14940.56,30,,Cash,Completed,2.6,,1,
JO-2023-10417,2023-06-09,Amaka Eze,Oyo,Beauty,Laptop HP,1.0,115075.5,30,,POS Card,Shipped,,4.0,0,
JO-2023-10418,2023-07-21,Emeka Obi,Delta,Home & Kitchen,Wireless Earbuds,3.0,2322.03,30,,Cash,Returned,5.0,,0,
JO-2023-10419,2023-07-05,Bola Tinubu,Edo,Fashion,Laptop HP,3.0,36227.08,20,,Bank Transfer,Completed,,,0,
JO-2023-10420,2023-03-30,Chidi Okonkwo,Oyo,Sports,"Smart TV 43""",4.0,33293.58,20,,Bank Transfer,Processing,4.2,12.0,0,
JO-2023-10421,2023-02-04,Hauwa Ibrahim,Rivers,Beauty,Shea Butter,2.0,11022.38,0,,USSD,Returned,1.1,,0,
JO-2023-10422,2023-12-12,Fatima Musa,Edo,Computing,Football,5.0,40943.34,30,,USSD,Returned,3.8,6.0,0,
JO-2023-10423,2023-10-13,Bola Tinubu,Abuja,Electronics,Football,5.0,25560.43,30,,POS Card,Completed,2.7,1.0,1,
JO-2023-10424,2023-11-14,Bola Tinubu,,Fashion,Ankara Dress,5.0,39453.48,15,,USSD,Processing,,5.0,0,
JO-2023-10425,2023-06-27,Chidi Okonkwo,Rivers,Electronics,Laptop HP,1.0,28614.27,10,,POS Card,Processing,,9.0,0,
JO-2023-10426,2023-02-05,Amaka Eze,Lagos,Sports,Wireless Earbuds,1.0,47155.9,15,,USSD,Cancelled,1.1,9.0,0,
JO-2023-10427,2023-04-24,Rotimi Adesanya,Enugu,Computing,Laptop HP,1.0,23632.78,30,,POS Card,Cancelled,1.9,4.0,0,
JO-2023-10428,2023-12-26,Bola Tinubu,Abuja,Groceries,Ankara Dress,5.0,28519.77,0,,Bank Transfer,Processing,2.4,2.0,1,
JO-2023-10429,2023-05-05,Rotimi Adesanya,Enugu,Fashion,Ankara Dress,2.0,17052.35,25,,USSD,Returned,2.8,,0,
JO-2023-10430,2023-01-21,Hauwa Ibrahim,Delta,Groceries,Wireless Earbuds,4.0,14603.51,15,,Cash,Returned,2.3,,0,
JO-2023-10431,2023-07-30,Bola Tinubu,,Home & Kitchen,Pressure Cooker,2.0,16805.41,20,,Cash,Processing,2.5,9.0,0,
JO-2023-10432,2023-11-19,Ngozi Adeyemi,Kano,Sports,Football,4.0,32277.36,30,,POS Card,Returned,,5.0,1,
JO-2023-10433,2023-07-23,Chidi Okonkwo,Edo,Fashion,"Smart TV 43""",2.0,20166.12,-5,,POS Card,Processing,4.0,13.0,0,
JO-2023-10434,2023-07-07,Ngozi Adeyemi,Edo,Home & Kitchen,Wireless Earbuds,5.0,36193.9,10,,Cash,Cancelled,3.1,14.0,0,
JO-2023-10435,2023-05-12,Amaka Eze,Rivers,Beauty,Rice 50kg,3.0,135552.09,25,,POS Card,Returned,1.5,2.0,0,
JO-2023-10436,2023-04-23,Emeka Obi,Abuja,Home & Kitchen,Ankara Dress,1.0,13326.57,10,,Cash,Shipped,2.7,13.0,0,
JO-2023-10437,2023-10-15,Rotimi Adesanya,Kano,Electronics,Shea Butter,1.0,5867.1,20,,USSD,Processing,2.7,13.0,0,
JO-2023-10438,2023-03-16,Chidi Okonkwo,Edo,Groceries,Rice 50kg,4.0,34616.87,20,,Cash,Processing,,14.0,0,
JO-2023-10439,2023-05-12,Ngozi Adeyemi,Abuja,Electronics,Ankara Dress,5.0,5205.05,-5,,POS Card,Cancelled,3.5,6.0,0,
JO-2023-10440,2023-10-02,Fatima Musa,,Fashion,Ankara Dress,4.0,7081.28,20,,USSD,Cancelled,,,0,
JO-2023-10441,2023-04-20,Hauwa Ibrahim,Lagos,Sports,Rice 50kg,3.0,27893.15,-5,,Cash,Returned,2.8,13.0,0,
JO-2023-10442,2023-07-27,Amaka Eze,Delta,Beauty,Rice 50kg,4.0,122015.88,0,,Cash,Shipped,1.8,3.0,0,
JO-2023-10443,2023-11-20,Bola Tinubu,Edo,Computing,"Smart TV 43""",5.0,8490.39,25,,USSD,Cancelled,,,0,
JO-2023-10444,2023-07-20,Emeka Obi,Rivers,Electronics,Laptop HP,4.0,34367.67,15,,POS Card,Completed,1.1,13.0,0,
JO-2023-10445,2023-08-28,Emeka Obi,,Beauty,Wireless Earbuds,3.0,39655.88,0,,USSD,Shipped,1.5,7.0,0,
JO-2023-10446,2023-08-27,Bola Tinubu,Delta,Computing,Ankara Dress,5.0,22826.57,0,,POS Card,Completed,,4.0,0,
JO-2023-10447,2023-08-17,Chidi Okonkwo,Oyo,Fashion,Rice 50kg,1.0,108521.58,0,,POS Card,Processing,,,1,
JO-2023-10448,2023-09-25,Amaka Eze,Delta,Electronics,Ankara Dress,3.0,173150.82,-5,,Jumia Pay,Shipped,,,0,
JO-2023-10449,2023-09-10,Ngozi Adeyemi,Kano,Beauty,"Smart TV 43""",2.0,75264.87,0,,Cash,Returned,3.3,7.0,0,
JO-2023-10450,2023-04-09,Amaka Eze,Rivers,Groceries,Ankara Dress,1.0,208758.78,30,,Jumia Pay,Completed,3.0,10.0,1,
JO-2023-10451,2023-07-02,Chidi Okonkwo,,Home & Kitchen,Wireless Earbuds,5.0,2850.77,20,,Bank Transfer,Shipped,2.5,5.0,0,
JO-2023-10452,2023-05-15,Chidi Okonkwo,Delta,Sports,Laptop HP,,2101.93,10,,POS Card,Cancelled,,13.0,1,
JO-2023-10453,2023-04-22,Ngozi Adeyemi,Kano,Sports,Wireless Earbuds,2.0,369911.03,5,,USSD,Processing,,11.0,0,
JO-2023-10454,2023-09-25,Amaka Eze,Delta,Groceries,Pressure Cooker,3.0,18192.02,20,,Jumia Pay,Completed,,,0,
JO-2023-10455,2023-07-21,Ngozi Adeyemi,Oyo,Electronics,Laptop HP,1.0,16792.57,15,,Jumia Pay,Cancelled,,12.0,0,
JO-2023-10456,2023-04-08,Bola Tinubu,Oyo,Electronics,Ankara Dress,3.0,11932.23,5,,POS Card,Shipped,4.2,14.0,1,
JO-2023-10457,2023-11-19,Hauwa Ibrahim,,Groceries,Ankara Dress,1.0,6830.12,25,,Jumia Pay,Shipped,,,0,
JO-2023-10458,2023-03-18,Fatima Musa,Oyo,Home & Kitchen,"Smart TV 43""",2.0,16695.62,15,,Bank Transfer,Returned,,7.0,0,
JO-2023-10459,2023-06-07,Hauwa Ibrahim,Edo,Computing,Ankara Dress,4.0,60433.35,-5,,Jumia Pay,Processing,2.4,10.0,0,
JO-2023-10460,2023-10-31,Ngozi Adeyemi,Rivers,Home & Kitchen,Laptop HP,5.0,28786.41,0,,USSD,Cancelled,1.5,10.0,0,
JO-2023-10461,2023-02-26,Fatima Musa,Kano,Fashion,Shea Butter,3.0,63499.65,15,,Cash,Cancelled,4.9,,0,
JO-2023-10462,2023-08-11,Rotimi Adesanya,Kano,Fashion,Laptop HP,4.0,4407.84,0,,Cash,Processing,2.8,14.0,0,
JO-2023-10463,2023-12-17,Chidi Okonkwo,Rivers,Beauty,"Smart TV 43""",4.0,9162.13,25,,Cash,Shipped,2.0,,0,
JO-2023-10464,2023-06-08,Rotimi Adesanya,Delta,,Football,1.0,1381.45,30,,Bank Transfer,Cancelled,,,1,
JO-2023-10465,2023-09-10,Bola Tinubu,Edo,Beauty,"Smart TV 43""",1.0,4039.38,0,,Cash,Cancelled,1.1,8.0,0,
JO-2023-10466,2023-07-05,Fatima Musa,,Sports,Ankara Dress,5.0,34545.21,30,,POS Card,Completed,1.7,,1,
JO-2023-10467,2023-05-09,Rotimi Adesanya,,Sports,Shea Butter,4.0,3440.12,0,,Jumia Pay,Processing,1.9,7.0,1,
JO-2023-10468,2023-06-23,Rotimi Adesanya,,Groceries,Ankara Dress,4.0,3187.67,25,,Cash,Returned,4.3,,1,
JO-2023-10469,2023-06-14,Ngozi Adeyemi,Rivers,Sports,Rice 50kg,,47959.14,30,,Bank Transfer,Processing,,11.0,0,
JO-2023-10470,2023-12-10,Bola Tinubu,Delta,Groceries,Shea Butter,,1384.19,25,,Bank Transfer,Completed,,7.0,0,
JO-2023-10471,2023-10-04,Bola Tinubu,Oyo,Beauty,Football,2.0,45126.66,20,,Bank Transfer,Processing,1.8,,0,
JO-2023-10472,2023-09-25,Chidi Okonkwo,Abuja,Fashion,Pressure Cooker,1.0,15773.38,25,,Bank Transfer,Returned,,3.0,0,
JO-2023-10473,2023-03-17,Emeka Obi,Delta,Home & Kitchen,Shea Butter,2.0,8131.02,5,,Jumia Pay,Processing,,,0,
JO-2023-10474,2023-01-17,Rotimi Adesanya,Edo,Groceries,Ankara Dress,2.0,8255.83,30,,POS Card,Cancelled,,12.0,0,
JO-2023-10475,2023-10-07,Bola Tinubu,Oyo,Computing,Ankara Dress,3.0,21098.75,5,,Cash,Returned,2.9,,0,
JO-2023-10476,2023-02-09,Ngozi Adeyemi,Abuja,Home & Kitchen,Pressure Cooker,4.0,31447.84,10,,Bank Transfer,Cancelled,1.2,6.0,0,
JO-2023-10477,2023-02-27,Amaka Eze,Kano,Electronics,Ankara Dress,3.0,28866.35,10,,Bank Transfer,Processing,,3.0,0,
JO-2023-10478,2023-01-17,Ngozi Adeyemi,Delta,Sports,Rice 50kg,5.0,79496.2,-5,,USSD,Returned,2.2,,0,
JO-2023-10479,2023-03-15,Rotimi Adesanya,Oyo,Beauty,Pressure Cooker,2.0,19218.21,20,,USSD,Returned,3.8,,1,
JO-2023-10480,2023-03-22,Chidi Okonkwo,Oyo,Beauty,"Smart TV 43""",1.0,27407.04,25,,Jumia Pay,Shipped,4.5,,0,
JO-2023-10481,2023-12-07,Chidi Okonkwo,Rivers,Sports,Shea Butter,4.0,65422.02,5,,Cash,Returned,1.2,1.0,1,
JO-2023-10482,2023-06-09,Amaka Eze,Kano,Groceries,Wireless Earbuds,1.0,13063.33,15,,POS Card,Shipped,1.5,3.0,0,
JO-2023-10483,2023-08-17,Rotimi Adesanya,Kano,Beauty,Wireless Earbuds,4.0,7981.53,25,,Jumia Pay,Processing,4.2,10.0,0,
JO-2023-10484,2023-12-13,Emeka Obi,,Sports,Pressure Cooker,4.0,48747.23,25,,POS Card,Processing,,,0,
JO-2023-10485,2023-02-04,Bola Tinubu,Edo,Sports,Wireless Earbuds,1.0,13182.44,10,,Bank Transfer,Completed,,10.0,0,
JO-2023-10486,2023-01-01,Amaka Eze,Rivers,Computing,Wireless Earbuds,3.0,177276.85,5,,POS Card,Returned,3.2,,0,
JO-2023-10487,2023-01-10,Emeka Obi,Kano,,Football,5.0,18054.51,0,,Jumia Pay,Cancelled,2.8,,0,
JO-2023-10488,2023-11-07,Amaka Eze,Rivers,Home & Kitchen,Shea Butter,5.0,35814.27,15,,Cash,Cancelled,,,0,
JO-2023-10489,2023-01-15,Emeka Obi,Delta,Computing,Wireless Earbuds,3.0,24779.83,20,,Bank Transfer,Returned,2.3,13.0,0,
JO-2023-10490,2023-05-18,Chidi Okonkwo,,Electronics,Laptop HP,4.0,143077.04,30,,Jumia Pay,Completed,,,0,
JO-2023-10491,2023-07-09,Emeka Obi,Abuja,Computing,Shea Butter,1.0,73036.49,20,,Bank Transfer,Processing,3.0,,0,
JO-2023-10492,2023-04-06,Rotimi Adesanya,,Beauty,Laptop HP,4.0,10402.76,5,,Jumia Pay,Processing,4.4,,0,
JO-2023-10493,2023-08-09,Rotimi Adesanya,Kano,Electronics,Wireless Earbuds,2.0,3034.96,-5,,Jumia Pay,Returned,4.3,3.0,0,
JO-2023-10494,2023-12-27,Chidi Okonkwo,Oyo,Home & Kitchen,Football,3.0,29250.91,30,,POS Card,Returned,1.1,5.0,0,
JO-2023-10495,2023-03-04,Emeka Obi,Kano,Electronics,Rice 50kg,1.0,23246.38,0,,Cash,Shipped,,12.0,0,
JO-2023-10496,2023-01-10,Rotimi Adesanya,Lagos,Computing,Shea Butter,4.0,11046.77,-5,,USSD,Shipped,1.0,5.0,0,
JO-2023-10497,2023-07-21,Chidi Okonkwo,Lagos,Computing,Football,1.0,90085.98,20,,Jumia Pay,Completed,3.6,1.0,1,
JO-2023-10498,2023-11-28,Amaka Eze,Edo,Sports,"Smart TV 43""",2.0,44106.79,0,,Jumia Pay,Completed,1.9,4.0,0,
JO-2023-10499,2023-08-12,Fatima Musa,Rivers,Electronics,Rice 50kg,2.0,10234.08,15,,USSD,Shipped,2.1,,0,
JO-2023-10500,2023-10-23,Hauwa Ibrahim,Abuja,Electronics,"Smart TV 43""",4.0,31420.37,10,,Jumia Pay,Completed,,9.0,0,
JO-2023-10501,2023-10-19,Fatima Musa,,Sports,Pressure Cooker,1.0,26543.28,-5,,USSD,Processing,1.4,7.0,0,
JO-2023-10502,2023-08-06,Hauwa Ibrahim,Oyo,Groceries,Wireless Earbuds,5.0,339943.92,0,,POS Card,Cancelled,3.4,,0,
JO-2023-10503,2023-07-18,Bola Tinubu,Rivers,Fashion,Ankara Dress,1.0,32430.63,5,,Cash,Completed,1.7,6.0,0,
JO-2023-10504,2023-09-02,Emeka Obi,,Groceries,Laptop HP,1.0,23839.55,15,,Bank Transfer,Processing,3.9,,0,
JO-2023-10505,2023-05-18,Emeka Obi,,Computing,Pressure Cooker,4.0,79070.42,10,,USSD,Returned,1.2,8.0,0,
JO-2023-10506,2023-12-08,Bola Tinubu,Kano,Sports,Wireless Earbuds,2.0,7781.86,5,,POS Card,Completed,3.0,10.0,1,
JO-2023-10507,2023-12-18,Rotimi Adesanya,Kano,Sports,Rice 50kg,5.0,9217.16,20,,POS Card,Returned,2.0,8.0,0,
JO-2023-10508,2023-10-02,Emeka Obi,Enugu,,Wireless Earbuds,3.0,33519.02,-5,,Jumia Pay,Shipped,,,0,
JO-2023-10509,2023-07-07,Amaka Eze,,Fashion,Pressure Cooker,4.0,24925.99,25,,Jumia Pay,Completed,,12.0,0,
JO-2023-10510,2023-03-07,Emeka Obi,Rivers,Fashion,Rice 50kg,3.0,24868.18,10,,Cash,Processing,,,0,
JO-2023-10511,2023-09-23,Rotimi Adesanya,Abuja,Beauty,Laptop HP,1.0,5220.35,25,,Jumia Pay,Completed,4.8,1.0,0,
JO-2023-10512,2023-05-08,Ngozi Adeyemi,Edo,Sports,Wireless Earbuds,1.0,16020.14,30,,Cash,Cancelled,2.5,,0,
JO-2023-10513,2023-11-03,Rotimi Adesanya,Kano,Fashion,Shea Butter,2.0,18775.6,0,,POS Card,Cancelled,2.2,8.0,0,
JO-2023-10514,2023-05-02,Bola Tinubu,Edo,Computing,Football,5.0,35775.11,10,,Jumia Pay,Cancelled,4.5,4.0,0,
JO-2023-10515,2023-07-25,Emeka Obi,Kano,Groceries,Football,4.0,4185.34,25,,USSD,Returned,4.1,7.0,1,
JO-2023-10516,2023-02-20,Fatima Musa,Delta,Home & Kitchen,Football,2.0,82652.8,0,,Jumia Pay,Processing,5.0,4.0,0,
JO-2023-10517,2023-10-29,Emeka Obi,Rivers,Fashion,Ankara Dress,4.0,6606.46,15,,USSD,Cancelled,,,0,
JO-2023-10518,2023-12-26,Bola Tinubu,,Computing,Laptop HP,5.0,5189.9,10,,USSD,Cancelled,,8.0,0,
JO-2023-10519,2023-02-16,Amaka Eze,Enugu,Sports,Wireless Earbuds,2.0,3331.01,10,,POS Card,Returned,,3.0,0,
JO-2023-10520,2023-08-14,Bola Tinubu,Rivers,Home & Kitchen,"Smart TV 43""",2.0,37757.25,30,,USSD,Processing,,8.0,0,
JO-2023-10521,2023-12-27,Ngozi Adeyemi,,Beauty,Football,4.0,81319.68,20,,Bank Transfer,Cancelled,,7.0,1,
JO-2023-10522,2023-02-03,Ngozi Adeyemi,Rivers,Computing,Pressure Cooker,3.0,7704.78,25,,Bank Transfer,Completed,2.8,,0,
JO-2023-10523,2023-02-23,Chidi Okonkwo,Kano,Home & Kitchen,Pressure Cooker,3.0,3741.9,20,,USSD,Shipped,4.1,,0,
JO-2023-10524,2023-06-21,Fatima Musa,Abuja,Sports,Rice 50kg,4.0,41911.89,5,,USSD,Cancelled,3.0,,0,
JO-2023-10525,2023-03-06,Rotimi Adesanya,,Computing,"Smart TV 43""",5.0,5689.93,30,,POS Card,Completed,,5.0,0,
JO-2023-10526,2023-11-27,Chidi Okonkwo,Edo,Home & Kitchen,Wireless Earbuds,3.0,51093.57,20,,POS Card,Processing,,8.0,0,
JO-2023-10527,2023-01-31,Amaka Eze,Enugu,Electronics,Wireless Earbuds,2.0,50563.01,5,,Bank Transfer,Completed,,,0,
JO-2023-10528,2023-04-17,Emeka Obi,Kano,Home & Kitchen,Rice 50kg,2.0,2957.31,20,,Bank Transfer,Cancelled,3.7,3.0,1,
JO-2023-10529,2023-09-11,Emeka Obi,Rivers,Fashion,Laptop HP,1.0,45358.48,25,,USSD,Returned,4.7,,0,
JO-2023-10530,2023-03-18,Bola Tinubu,Delta,Sports,Rice 50kg,2.0,23867.36,0,,USSD,Processing,3.8,7.0,0,
JO-2023-10531,2023-02-16,Rotimi Adesanya,Oyo,Computing,Wireless Earbuds,4.0,25274.25,5,,POS Card,Shipped,2.6,13.0,0,
JO-2023-10532,2023-06-06,Emeka Obi,Delta,Electronics,"Smart TV 43""",4.0,22444.58,-5,,Bank Transfer,Completed,2.6,9.0,0,
JO-2023-10533,2023-10-08,Hauwa Ibrahim,Lagos,Groceries,Wireless Earbuds,3.0,5305.22,15,,Jumia Pay,Completed,4.7,14.0,1,
JO-2023-10534,2023-07-23,Bola Tinubu,Edo,Groceries,Rice 50kg,1.0,11546.14,30,,Cash,Processing,2.6,,0,
JO-2023-10535,2023-11-11,Bola Tinubu,Delta,Computing,Wireless Earbuds,5.0,22152.85,25,,Bank Transfer,Completed,3.4,11.0,0,
JO-2023-10536,2023-11-04,Rotimi Adesanya,Edo,,Football,5.0,20101.65,15,,POS Card,Cancelled,3.8,,0,
JO-2023-10537,2023-01-27,Fatima Musa,Enugu,Computing,Shea Butter,1.0,116773.11,20,,USSD,Shipped,,14.0,0,
JO-2023-10538,2023-09-18,Chidi Okonkwo,Enugu,Electronics,Pressure Cooker,4.0,41911.8,15,,Cash,Returned,,,0,
JO-2023-10539,2023-06-22,Bola Tinubu,Edo,Sports,Football,4.0,18002.84,5,,Cash,Cancelled,2.5,8.0,0,
JO-2023-10540,2023-04-16,Rotimi Adesanya,Abuja,Fashion,Rice 50kg,1.0,6171.3,0,,POS Card,Processing,3.9,4.0,0,
JO-2023-10541,2023-03-25,Ngozi Adeyemi,Oyo,Home & Kitchen,Wireless Earbuds,4.0,14785.94,20,,Bank Transfer,Cancelled,,,0,
JO-2023-10542,2023-03-22,Emeka Obi,Delta,Computing,Laptop HP,2.0,73746.16,30,,Cash,Processing,5.0,12.0,0,
JO-2023-10543,2023-12-04,Rotimi Adesanya,Rivers,Groceries,Shea Butter,1.0,85047.0,20,,USSD,Shipped,,6.0,0,
JO-2023-10544,2023-05-25,Rotimi Adesanya,Oyo,Groceries,Ankara Dress,4.0,5723.53,5,,Bank Transfer,Cancelled,3.7,,0,
JO-2023-10545,2023-04-11,Rotimi Adesanya,Delta,Beauty,Laptop HP,3.0,19731.68,15,,Cash,Shipped,2.8,12.0,0,
JO-2023-10546,2023-11-09,Bola Tinubu,Lagos,Computing,Football,2.0,90916.83,10,,POS Card,Completed,1.8,12.0,1,
JO-2023-10547,2023-07-30,Emeka Obi,,Groceries,Shea Butter,4.0,3613.93,20,,USSD,Completed,5.0,11.0,0,
JO-2023-10548,2023-03-01,Hauwa Ibrahim,Delta,Fashion,Rice 50kg,2.0,8726.0,10,,USSD,Shipped,2.9,3.0,0,
JO-2023-10549,2023-03-20,Amaka Eze,Enugu,Beauty,Laptop HP,2.0,34658.19,30,,POS Card,Processing,1.5,2.0,0,
JO-2023-10550,2023-08-17,Fatima Musa,,Groceries,Wireless Earbuds,2.0,22369.16,10,,USSD,Shipped,2.0,6.0,0,
JO-2023-10551,2023-12-29,Bola Tinubu,Enugu,Home & Kitchen,Shea Butter,5.0,11930.02,10,,Jumia Pay,Completed,2.3,9.0,1,
JO-2023-10552,2023-05-09,Hauwa Ibrahim,Enugu,Groceries,Ankara Dress,5.0,6491.8,30,,Cash,Processing,,11.0,0,
JO-2023-10553,2023-12-04,Bola Tinubu,Edo,Beauty,Football,5.0,4655.51,0,,USSD,Returned,,,0,
JO-2023-10554,2023-04-24,Emeka Obi,Lagos,Groceries,Rice 50kg,4.0,4908.71,0,,Bank Transfer,Processing,,6.0,0,
JO-2023-10555,2023-07-04,Ngozi Adeyemi,Edo,Computing,Football,3.0,67515.6,25,,USSD,Processing,1.3,,0,
JO-2023-10556,2023-03-08,Emeka Obi,Kano,Electronics,Rice 50kg,5.0,19036.81,30,,USSD,Cancelled,3.9,6.0,0,
JO-2023-10557,2023-10-12,Emeka Obi,Kano,Electronics,Ankara Dress,4.0,266955.87,20,,Jumia Pay,Cancelled,,5.0,1,
JO-2023-10558,2023-01-27,Ngozi Adeyemi,Lagos,Electronics,Wireless Earbuds,,28855.17,5,,USSD,Returned,,9.0,0,
JO-2023-10559,2023-06-10,Fatima Musa,Lagos,Groceries,Pressure Cooker,2.0,178881.44,5,,Jumia Pay,Shipped,4.4,6.0,0,
JO-2023-10560,2023-03-24,Ngozi Adeyemi,Oyo,Groceries,Ankara Dress,3.0,17188.96,10,,Bank Transfer,Completed,,,0,
JO-2023-10561,2023-06-17,Chidi Okonkwo,Rivers,Sports,Wireless Earbuds,2.0,11317.37,5,,Bank Transfer,Returned,4.1,,0,
JO-2023-10562,2023-03-22,Ngozi Adeyemi,Abuja,Groceries,Wireless Earbuds,3.0,45755.04,10,,Bank Transfer,Returned,2.9,,1,
JO-2023-10563,2023-09-25,Chidi Okonkwo,Enugu,Computing,Wireless Earbuds,3.0,22200.82,20,,Bank Transfer,Returned,2.3,5.0,0,
JO-2023-10564,2023-01-11,Amaka Eze,Rivers,Electronics,Pressure Cooker,3.0,31568.29,0,,POS Card,Returned,4.5,,0,
JO-2023-10565,2023-03-13,Ngozi Adeyemi,Enugu,Fashion,Rice 50kg,1.0,10655.55,5,,POS Card,Completed,2.4,4.0,0,
JO-2023-10566,2023-09-25,Rotimi Adesanya,Enugu,Groceries,Laptop HP,4.0,33656.36,0,,POS Card,Returned,4.2,10.0,0,
JO-2023-10567,2023-10-26,Hauwa Ibrahim,Rivers,Computing,Pressure Cooker,1.0,59153.19,25,,POS Card,Processing,2.9,,1,
JO-2023-10568,2023-11-05,Chidi Okonkwo,Lagos,Fashion,Ankara Dress,4.0,91108.41,-5,,USSD,Completed,4.7,8.0,0,
JO-2023-10569,2023-04-25,Rotimi Adesanya,Rivers,Computing,"Smart TV 43""",3.0,22649.57,-5,,Cash,Returned,5.0,3.0,0,
JO-2023-10570,2023-11-07,Ngozi Adeyemi,,Beauty,Laptop HP,4.0,72123.44,10,,Bank Transfer,Shipped,,5.0,0,
JO-2023-10571,2023-11-17,Ngozi Adeyemi,Oyo,Sports,Ankara Dress,,16148.55,15,,Cash,Cancelled,1.2,,0,
JO-2023-10572,2023-05-30,Fatima Musa,delta,Beauty,Laptop HP,1.0,39699.17,10,,POS Card,Cancelled,,6.0,0,
JO-2023-10573,2023-10-18,Amaka Eze,,Home & Kitchen,Ankara Dress,4.0,45030.36,0,,Jumia Pay,Completed,2.9,12.0,0,
JO-2023-10574,2023-04-19,Emeka Obi,Kano,Sports,Ankara Dress,3.0,33109.06,0,,Cash,Completed,,,1,
JO-2023-10575,2023-08-31,Emeka Obi,Kano,Computing,Pressure Cooker,4.0,4630.53,15,,POS Card,Cancelled,1.3,4.0,0,
JO-2023-10576,2023-10-29,Hauwa Ibrahim,Edo,Home & Kitchen,Pressure Cooker,1.0,2295.96,15,,POS Card,Completed,3.9,14.0,0,
JO-2023-10577,2023-11-24,Rotimi Adesanya,Abuja,Computing,Shea Butter,2.0,22952.43,0,,POS Card,Cancelled,1.0,,0,
JO-2023-10578,2023-10-08,Emeka Obi,Enugu,Fashion,Football,1.0,20145.95,-5,,Cash,Completed,3.0,6.0,1,
JO-2023-10579,2023-11-23,Ngozi Adeyemi,Kano,Groceries,Football,4.0,14694.31,20,,Jumia Pay,Completed,5.0,,1,
JO-2023-10580,2023-04-05,Ngozi Adeyemi,Rivers,Sports,Laptop HP,1.0,154316.85,-5,,Bank Transfer,Shipped,,8.0,0,
JO-2023-10581,2023-12-16,Bola Tinubu,Kano,Electronics,Rice 50kg,,39656.3,-5,,USSD,Returned,,1.0,1,
JO-2023-10582,2023-04-22,Ngozi Adeyemi,Lagos,Fashion,Rice 50kg,3.0,49385.84,25,,Jumia Pay,Processing,,,0,
JO-2023-10583,2023-08-06,Chidi Okonkwo,Edo,Groceries,Pressure Cooker,3.0,64977.47,30,,USSD,Completed,4.4,1.0,0,
JO-2023-10584,2023-10-05,Hauwa Ibrahim,Delta,Home & Kitchen,Pressure Cooker,2.0,67892.14,30,,Cash,Returned,4.8,7.0,0,
JO-2023-10585,2023-01-10,Rotimi Adesanya,Kano,Sports,Laptop HP,5.0,23870.35,10,,POS Card,Cancelled,2.8,,0,
JO-2023-10586,2023-12-15,Fatima Musa,Delta,Sports,Football,1.0,4574.9,20,,Bank Transfer,Shipped,3.0,4.0,0,
JO-2023-10587,2023-06-04,Bola Tinubu,Lagos,Electronics,Ankara Dress,4.0,12072.58,5,,Cash,Returned,3.2,,0,
JO-2023-10588,2023-04-12,Rotimi Adesanya,Delta,Fashion,Rice 50kg,3.0,14067.75,5,,Cash,Returned,3.4,,0,
JO-2023-10589,2023-01-06,Hauwa Ibrahim,Lagos,Fashion,Shea Butter,2.0,8611.87,5,,USSD,Returned,,,0,
JO-2023-10590,2023-07-14,Hauwa Ibrahim,Kano,Computing,Shea Butter,4.0,14232.9,-5,,USSD,Processing,1.3,3.0,0,
JO-2023-10591,2023-04-05,Ngozi Adeyemi,Abuja,Beauty,Pressure Cooker,2.0,81879.09,25,,Bank Transfer,Cancelled,2.0,6.0,0,
JO-2023-10592,2023-08-31,Chidi Okonkwo,Enugu,Home & Kitchen,Ankara Dress,5.0,24459.1,15,,Bank Transfer,Cancelled,1.0,5.0,0,
JO-2023-10593,2023-01-04,Chidi Okonkwo,Lagos,Home & Kitchen,Football,2.0,,0,,POS Card,Processing,,10.0,1,
JO-2023-10594,2023-12-06,Ngozi Adeyemi,Delta,Groceries,Ankara Dress,4.0,27087.7,5,,Bank Transfer,Cancelled,3.8,9.0,0,
JO-2023-10595,2023-02-15,Emeka Obi,Lagos,Computing,Football,2.0,15489.71,0,,USSD,Completed,,,0,
JO-2023-10596,2023-10-01,Fatima Musa,Oyo,Home & Kitchen,Pressure Cooker,3.0,10992.41,5,,USSD,Returned,2.1,8.0,0,
JO-2023-10597,2023-11-26,Ngozi Adeyemi,Enugu,Electronics,Ankara Dress,1.0,5332.25,0,,Bank Transfer,Shipped,3.9,,0,
JO-2023-10598,2023-01-10,Amaka Eze,,Home & Kitchen,"Smart TV 43""",3.0,,-5,,POS Card,Shipped,2.8,13.0,0,
JO-2023-10599,2023-01-19,Amaka Eze,Rivers,Electronics,Shea Butter,5.0,6026.97,30,,POS Card,Processing,1.9,,0,
JO-2023-10600,2023-03-09,Fatima Musa,Rivers,Electronics,Rice 50kg,3.0,10553.8,-5,,POS Card,Processing,3.2,1.0,0,
JO-2023-10601,2023-10-05,Rotimi Adesanya,Rivers,Home & Kitchen,Laptop HP,4.0,2934.6,15,,Jumia Pay,Processing,5.0,6.0,0,
JO-2023-10602,2023-08-22,Emeka Obi,Enugu,Home & Kitchen,Laptop HP,3.0,44237.98,20,,Bank Transfer,Completed,,11.0,0,
JO-2023-10603,2023-09-12,Rotimi Adesanya,Kano,Fashion,Wireless Earbuds,4.0,16578.78,10,,Jumia Pay,Completed,,14.0,0,
JO-2023-10604,2023-04-22,Amaka Eze,Enugu,Home & Kitchen,Laptop HP,1.0,28751.39,10,,Cash,Completed,4.9,2.0,0,
JO-2023-10605,2023-12-05,Emeka Obi,,Sports,Shea Butter,2.0,7620.14,-5,,Bank Transfer,Completed,3.4,3.0,0,
JO-2023-10606,2023-01-13,Amaka Eze,Oyo,Fashion,Pressure Cooker,5.0,11583.37,-5,,USSD,Cancelled,2.9,13.0,0,
JO-2023-10607,2023-11-14,Hauwa Ibrahim,Rivers,Sports,Rice 50kg,,17732.49,0,,USSD,Completed,1.9,,1,
JO-2023-10608,2023-01-08,Bola Tinubu,Rivers,Computing,Pressure Cooker,2.0,5383.66,20,,USSD,Completed,,,0,
JO-2023-10609,2023-02-01,Emeka Obi,Oyo,Groceries,Pressure Cooker,4.0,12713.79,-5,,Cash,Processing,2.0,6.0,0,
JO-2023-10610,2023-11-15,Amaka Eze,Enugu,Computing,Rice 50kg,3.0,10409.32,25,,POS Card,Processing,3.6,12.0,0,
JO-2023-10611,2023-04-23,Ngozi Adeyemi,Oyo,Groceries,Pressure Cooker,1.0,26455.52,25,,Bank Transfer,Returned,4.9,7.0,0,
JO-2023-10612,2023-08-31,Bola Tinubu,,,Wireless Earbuds,3.0,41353.09,30,,USSD,Cancelled,,5.0,0,
JO-2023-10613,2023-02-07,Rotimi Adesanya,Edo,Home & Kitchen,Laptop HP,4.0,103154.15,25,,Bank Transfer,Shipped,,14.0,1,
JO-2023-10614,2023-11-26,Amaka Eze,Abuja,Electronics,Wireless Earbuds,1.0,163736.81,0,,POS Card,Completed,3.3,,0,
JO-2023-10615,2023-09-03,Rotimi Adesanya,Rivers,Electronics,Rice 50kg,1.0,57911.71,20,,USSD,Processing,2.8,,0,
JO-2023-10616,2023-07-21,Chidi Okonkwo,Edo,Beauty,Laptop HP,4.0,11006.81,5,,Cash,Shipped,4.5,,0,
JO-2023-10617,2023-08-22,Bola Tinubu,Abuja,Sports,Rice 50kg,,35268.83,5,,POS Card,Processing,2.2,,0,
JO-2023-10618,2023-08-22,Bola Tinubu,Oyo,Groceries,Wireless Earbuds,,6408.85,0,,Cash,Returned,3.0,,1,
JO-2023-10619,2023-07-16,Hauwa Ibrahim,Lagos,Home & Kitchen,Laptop HP,,17966.35,30,,Cash,Returned,3.2,1.0,0,
JO-2023-10620,2023-02-19,Ngozi Adeyemi,Oyo,Electronics,Laptop HP,4.0,47621.68,30,,POS Card,Returned,4.3,,0,
JO-2023-10621,2023-03-10,Hauwa Ibrahim,Abuja,Fashion,Rice 50kg,3.0,87671.69,10,,POS Card,Returned,3.5,13.0,0,
JO-2023-10622,2023-03-13,Amaka Eze,,Electronics,Laptop HP,4.0,68530.58,10,,Jumia Pay,Cancelled,1.9,,0,
JO-2023-10623,2023-04-06,Hauwa Ibrahim,Lagos,Sports,Football,4.0,35063.33,15,,Cash,Completed,3.7,,0,
JO-2023-10624,2023-01-18,Fatima Musa,,Home & Kitchen,"Smart TV 43""",3.0,45288.34,5,,USSD,Completed,4.3,,0,
JO-2023-10625,2023-02-07,Emeka Obi,Abuja,Fashion,Ankara Dress,2.0,24167.64,30,,Jumia Pay,Shipped,2.2,3.0,1,
JO-2023-10626,2023-11-22,Rotimi Adesanya,Kano,Electronics,"Smart TV 43""",4.0,6245.54,20,,Cash,Returned,3.7,,0,
JO-2023-10627,2023-10-14,Bola Tinubu,,Sports,Football,2.0,45305.55,0,,USSD,Shipped,3.2,7.0,0,
JO-2023-10628,2023-07-08,Emeka Obi,Kano,Computing,Pressure Cooker,1.0,26341.46,0,,Cash,Cancelled,,12.0,0,
JO-2023-10629,2023-05-20,Ngozi Adeyemi,Enugu,Computing,"Smart TV 43""",3.0,26501.2,5,,Cash,Returned,,9.0,0,
JO-2023-10630,2023-09-03,Chidi Okonkwo,,Beauty,Ankara Dress,1.0,15136.13,10,,Cash,Shipped,4.3,4.0,0,
JO-2023-10631,2023-12-15,Amaka Eze,Delta,Home & Kitchen,Rice 50kg,4.0,4602.51,-5,,Cash,Cancelled,,,0,
JO-2023-10632,2023-08-10,Amaka Eze,Abuja,Home & Kitchen,"Smart TV 43""",5.0,21058.1,5,,USSD,Completed,4.9,,0,
JO-2023-10633,2023-08-11,Bola Tinubu,Rivers,Home & Kitchen,Rice 50kg,3.0,,10,,Cash,Shipped,1.3,5.0,0,
JO-2023-10634,2023-05-12,Amaka Eze,Delta,Beauty,Football,5.0,146633.9,15,,Cash,Returned,4.0,,0,
JO-2023-10635,2023-12-22,Emeka Obi,Oyo,Electronics,Football,1.0,1635.93,15,,Cash,Cancelled,1.7,7.0,0,
JO-2023-10636,2023-06-06,Bola Tinubu,,Sports,Pressure Cooker,5.0,34748.37,30,,USSD,Completed,1.3,,0,
JO-2023-10637,2023-11-05,Rotimi Adesanya,Rivers,Electronics,Wireless Earbuds,3.0,98055.84,30,,Jumia Pay,Returned,1.1,9.0,0,
JO-2023-10638,2023-04-05,Chidi Okonkwo,Lagos,Fashion,"Smart TV 43""",2.0,99426.8,5,,Bank Transfer,Cancelled,3.9,7.0,0,
JO-2023-10639,2023-11-16,Rotimi Adesanya,Edo,Groceries,Laptop HP,2.0,23142.45,10,,Cash,Completed,2.3,6.0,0,
JO-2023-10640,2023-06-29,Chidi Okonkwo,Lagos,Sports,"Smart TV 43""",4.0,12817.86,0,,USSD,Shipped,3.2,,0,
JO-2023-10641,2023-12-04,Amaka Eze,Rivers,Groceries,Laptop HP,4.0,59644.33,20,,Cash,Cancelled,2.6,,0,
JO-2023-10642,2023-09-29,Hauwa Ibrahim,Kano,Computing,Pressure Cooker,1.0,61907.98,15,,USSD,Processing,1.3,,0,
JO-2023-10643,2023-11-07,Emeka Obi,Delta,Computing,Laptop HP,2.0,43496.64,-5,,Cash,Completed,,,0,
JO-2023-10644,2023-01-13,Amaka Eze,Kano,Sports,Wireless Earbuds,3.0,42321.01,30,,Jumia Pay,Completed,1.7,,0,
JO-2023-10645,2023-09-25,Chidi Okonkwo,Kano,Computing,Football,3.0,4332.64,15,,Bank Transfer,Returned,,12.0,0,
JO-2023-10646,2023-07-26,Amaka Eze,Delta,Computing,Rice 50kg,5.0,20355.26,20,,Jumia Pay,Completed,,7.0,0,
JO-2023-10647,2023-07-24,Rotimi Adesanya,Abuja,Beauty,"Smart TV 43""",3.0,19461.23,-5,,POS Card,Shipped,,6.0,0,
JO-2023-10648,2023-06-17,Bola Tinubu,Lagos,Electronics,Pressure Cooker,3.0,81608.22,0,,POS Card,Returned,2.5,8.0,0,
JO-2023-10649,2023-11-27,Ngozi Adeyemi,Edo,Beauty,Ankara Dress,1.0,36658.04,25,,Jumia Pay,Completed,,10.0,1,
JO-2023-10650,2023-11-03,Amaka Eze,Rivers,Groceries,Pressure Cooker,4.0,12857.19,10,,USSD,Completed,,4.0,0,
JO-2023-10651,2023-05-16,Bola Tinubu,Rivers,Electronics,"Smart TV 43""",1.0,7081.39,25,,POS Card,Processing,,2.0,0,
JO-2023-10652,2023-06-06,Emeka Obi,Kano,Fashion,Laptop HP,5.0,97959.55,0,,Cash,Returned,1.8,14.0,1,
JO-2023-10653,2023-05-05,Hauwa Ibrahim,Kano,Fashion,Laptop HP,2.0,42643.25,0,,Jumia Pay,Completed,4.3,12.0,0,
JO-2023-10654,2023-03-16,Fatima Musa,Lagos,Beauty,Shea Butter,5.0,59335.04,25,,Jumia Pay,Returned,4.3,,0,
JO-2023-10655,2023-07-26,Hauwa Ibrahim,Abuja,,Rice 50kg,2.0,26308.04,5,,Bank Transfer,Processing,2.4,1.0,0,
JO-2023-10656,2023-04-12,Rotimi Adesanya,Edo,Electronics,Rice 50kg,1.0,35760.74,0,,Bank Transfer,Processing,1.2,,0,
JO-2023-10657,2023-09-16,Rotimi Adesanya,Lagos,Sports,Pressure Cooker,1.0,6392.59,15,,Jumia Pay,Completed,4.0,10.0,0,
JO-2023-10658,2023-05-12,Fatima Musa,Kano,Groceries,Rice 50kg,2.0,47238.55,30,,POS Card,Cancelled,,,0,
JO-2023-10659,2023-02-26,Fatima Musa,Lagos,Sports,Shea Butter,4.0,6349.46,30,,Jumia Pay,Completed,,,0,
JO-2023-10660,2023-11-20,Ngozi Adeyemi,Delta,Beauty,Ankara Dress,,22372.37,10,,Bank Transfer,Completed,,,0,
JO-2023-10661,2023-07-10,Bola Tinubu,Edo,Beauty,Ankara Dress,2.0,7149.86,25,,Cash,Cancelled,,,0,
JO-2023-10662,2023-04-22,Rotimi Adesanya,Delta,Beauty,Ankara Dress,4.0,104075.9,25,,Bank Transfer,Shipped,,,0,
JO-2023-10663,2023-05-25,Rotimi Adesanya,Abuja,Sports,Pressure Cooker,2.0,243855.18,20,,USSD,Cancelled,4.1,4.0,1,
JO-2023-10664,2023-09-19,Fatima Musa,Enugu,Groceries,Shea Butter,5.0,40917.31,-5,,Cash,Shipped,1.3,,1,
JO-2023-10665,2023-11-13,Chidi Okonkwo,,Computing,Wireless Earbuds,1.0,16774.18,20,,Bank Transfer,Processing,2.2,,0,
JO-2023-10666,2023-10-10,Rotimi Adesanya,Kano,Electronics,Laptop HP,3.0,6129.32,10,,Bank Transfer,Cancelled,2.4,,0,
JO-2023-10667,2023-04-30,Amaka Eze,Edo,Electronics,Rice 50kg,5.0,32173.97,-5,,Cash,Returned,1.8,11.0,0,
JO-2023-10668,2023-12-29,Fatima Musa,Enugu,Sports,Wireless Earbuds,4.0,2071.08,10,,Jumia Pay,Cancelled,,11.0,0,
JO-2023-10669,2023-02-10,Amaka Eze,Abuja,Home & Kitchen,Football,1.0,,25,,Jumia Pay,Processing,,11.0,0,
JO-2023-10670,2023-07-10,Amaka Eze,Enugu,Home & Kitchen,Rice 50kg,1.0,22822.88,5,,POS Card,Returned,,11.0,0,
JO-2023-10671,2023-07-29,Bola Tinubu,Lagos,Groceries,Ankara Dress,3.0,20859.2,15,,USSD,Shipped,4.9,9.0,0,
JO-2023-10672,2023-12-30,Amaka Eze,Kano,Sports,Ankara Dress,1.0,32152.28,15,,Cash,Shipped,,11.0,1,
JO-2023-10673,2023-07-07,Rotimi Adesanya,Lagos,Home & Kitchen,Ankara Dress,5.0,56396.23,25,,Jumia Pay,Completed,,5.0,0,
JO-2023-10674,2023-03-10,Bola Tinubu,Delta,Sports,Ankara Dress,5.0,74018.91,20,,POS Card,Shipped,1.7,,0,
JO-2023-10675,2023-06-12,Amaka Eze,Oyo,Sports,Wireless Earbuds,,68817.6,10,,USSD,Cancelled,1.6,10.0,1,
JO-2023-10676,2023-10-18,Amaka Eze,Abuja,Groceries,Ankara Dress,1.0,15795.26,10,,Jumia Pay,Completed,1.9,,0,
JO-2023-10677,2023-02-17,Bola Tinubu,Edo,Home & Kitchen,Ankara Dress,2.0,47086.58,10,,POS Card,Completed,,9.0,1,
JO-2023-10678,2023-02-09,Ngozi Adeyemi,Abuja,Beauty,Rice 50kg,3.0,9658.08,0,,Bank Transfer,Cancelled,,14.0,0,
JO-2023-10679,2023-10-06,Emeka Obi,Rivers,,Laptop HP,3.0,27669.67,-5,,POS Card,Completed,,,0,
JO-2023-10680,2023-09-28,Emeka Obi,Edo,Sports,Pressure Cooker,1.0,,10,,Jumia Pay,Shipped,,3.0,0,
JO-2023-10681,2023-08-02,Emeka Obi,Rivers,Home & Kitchen,Ankara Dress,1.0,8989.34,10,,Cash,Cancelled,,,0,
JO-2023-10682,2023-05-11,Fatima Musa,Abuja,,Football,3.0,6057.88,30,,Bank Transfer,Returned,3.1,4.0,1,
JO-2023-10683,2023-10-24,Chidi Okonkwo,Rivers,Groceries,Shea Butter,1.0,31351.26,25,,Jumia Pay,Processing,1.3,7.0,1,
JO-2023-10684,2023-10-09,Amaka Eze,Abuja,Groceries,"Smart TV 43""",5.0,28373.52,5,,POS Card,Returned,,,0,
JO-2023-10685,2023-05-03,Amaka Eze,Kano,Beauty,Shea Butter,,2532.12,5,,Cash,Returned,2.2,5.0,1,
JO-2023-10686,2023-07-11,Amaka Eze,Rivers,Fashion,Wireless Earbuds,5.0,3348.76,25,,USSD,Cancelled,2.5,,0,
JO-2023-10687,2023-06-19,Emeka Obi,Delta,Sports,Wireless Earbuds,3.0,32045.85,20,,Jumia Pay,Completed,3.6,,0,
JO-2023-10688,2023-04-05,Emeka Obi,Enugu,Electronics,Pressure Cooker,4.0,6602.23,5,,USSD,Returned,,2.0,0,
JO-2023-10689,2023-07-14,Chidi Okonkwo,Delta,Home & Kitchen,Rice 50kg,4.0,94892.76,-5,,Bank Transfer,Completed,3.8,14.0,1,
JO-2023-10690,2023-09-30,Fatima Musa,Rivers,Groceries,"Smart TV 43""",4.0,8669.73,5,,Bank Transfer,Shipped,,6.0,0,
JO-2023-10691,2023-04-13,Fatima Musa,Rivers,Beauty,Football,4.0,36057.9,15,,Jumia Pay,Cancelled,3.4,,0,
JO-2023-10692,2023-10-28,Chidi Okonkwo,Oyo,Home & Kitchen,Laptop HP,4.0,31566.69,15,,Jumia Pay,Completed,,1.0,0,
JO-2023-10693,2023-04-03,Hauwa Ibrahim,Edo,Electronics,"Smart TV 43""",4.0,13382.57,0,,Jumia Pay,Returned,4.2,4.0,0,
JO-2023-10694,2023-10-13,Ngozi Adeyemi,Abuja,Fashion,Ankara Dress,5.0,6307.57,10,,Bank Transfer,Returned,4.2,,1,
JO-2023-10695,2023-02-22,Bola Tinubu,Enugu,Computing,Rice 50kg,3.0,16208.43,5,,Bank Transfer,Completed,5.0,,0,
JO-2023-10696,2023-10-03,Chidi Okonkwo,Rivers,Groceries,Shea Butter,2.0,29792.44,30,,Bank Transfer,Completed,3.6,14.0,0,
JO-2023-10697,2023-11-01,Emeka Obi,Rivers,Computing,Laptop HP,5.0,32321.6,5,,Jumia Pay,Returned,,12.0,1,
JO-2023-10698,2023-09-07,Chidi Okonkwo,Enugu,Electronics,Ankara Dress,1.0,37415.98,25,,Bank Transfer,Returned,3.0,13.0,0,
JO-2023-10699,2023-03-07,Bola Tinubu,Rivers,Groceries,Laptop HP,1.0,7464.02,10,,Bank Transfer,Processing,3.8,,0,
JO-2023-10700,2023-10-31,Ngozi Adeyemi,Kano,Fashion,Football,3.0,65235.11,0,,Bank Transfer,Processing,2.4,9.0,0,
JO-2023-10701,2023-02-20,Amaka Eze,Lagos,Groceries,Pressure Cooker,5.0,11851.78,-5,,Cash,Cancelled,2.9,11.0,0,
JO-2023-10702,2023-07-18,Amaka Eze,Delta,Computing,Rice 50kg,3.0,73091.46,5,,POS Card,Processing,4.2,,0,
JO-2023-10703,2023-02-20,Bola Tinubu,Enugu,Sports,Rice 50kg,3.0,109015.98,15,,USSD,Completed,2.2,,0,
JO-2023-10704,2023-05-18,Amaka Eze,Kano,Sports,Wireless Earbuds,3.0,41376.39,5,,Bank Transfer,Completed,,10.0,0,
JO-2023-10705,2023-08-09,Chidi Okonkwo,Lagos,Beauty,Wireless Earbuds,3.0,5239.65,30,,POS Card,Processing,,,0,
JO-2023-10706,2023-02-13,Bola Tinubu,Enugu,Sports,Rice 50kg,4.0,60877.2,20,,USSD,Returned,,,1,
JO-2023-10707,2023-02-24,Emeka Obi,Oyo,Sports,Rice 50kg,,27203.38,-5,,Bank Transfer,Cancelled,,,0,
JO-2023-10708,2023-10-11,Chidi Okonkwo,Delta,Sports,Wireless Earbuds,1.0,30502.12,25,,Jumia Pay,Processing,3.8,,0,
JO-2023-10709,2023-08-20,Hauwa Ibrahim,Oyo,Home & Kitchen,Ankara Dress,2.0,21532.07,10,,POS Card,Processing,1.2,2.0,0,
JO-2023-10710,2023-04-03,Fatima Musa,Delta,Computing,"Smart TV 43""",5.0,4118.18,30,,Bank Transfer,Shipped,4.8,,0,
JO-2023-10711,2023-01-31,Emeka Obi,Kano,Home & Kitchen,Shea Butter,2.0,53260.14,20,,Bank Transfer,Completed,2.5,,0,
JO-2023-10712,2023-10-13,Emeka Obi,Lagos,Home & Kitchen,Football,1.0,46415.67,-5,,POS Card,Completed,2.1,1.0,0,
JO-2023-10713,2023-04-30,Ngozi Adeyemi,Oyo,Computing,Rice 50kg,3.0,15570.67,25,,Jumia Pay,Returned,,,0,
JO-2023-10714,2023-04-21,Emeka Obi,Edo,Fashion,Ankara Dress,3.0,9732.78,20,,Bank Transfer,Completed,,13.0,1,
JO-2023-10715,2023-01-06,Rotimi Adesanya,Enugu,Fashion,Ankara Dress,3.0,28150.55,5,,USSD,Returned,,13.0,0,
JO-2023-10716,2023-05-11,Rotimi Adesanya,Kano,Sports,Football,5.0,31864.35,5,,Cash,Processing,,2.0,0,
JO-2023-10717,2023-05-17,Hauwa Ibrahim,rivers,Electronics,Rice 50kg,3.0,54704.54,15,,POS Card,Returned,4.0,6.0,0,
JO-2023-10718,2023-05-17,Emeka Obi,Edo,Fashion,Wireless Earbuds,4.0,181331.09,20,,POS Card,Processing,1.3,12.0,0,
JO-2023-10719,2023-10-20,Rotimi Adesanya,Enugu,Electronics,Shea Butter,2.0,11649.0,5,,Bank Transfer,Cancelled,1.3,9.0,0,
JO-2023-10720,2023-09-28,Chidi Okonkwo,Kano,Groceries,Wireless Earbuds,4.0,11645.01,0,,USSD,Shipped,4.0,1.0,1,
JO-2023-10721,2023-06-15,Hauwa Ibrahim,Rivers,Sports,Football,5.0,52301.97,0,,USSD,Cancelled,1.6,5.0,0,
JO-2023-10722,2023-04-28,Emeka Obi,,Electronics,Pressure Cooker,4.0,59011.53,0,,Bank Transfer,Cancelled,,,0,
JO-2023-10723,2023-10-22,Amaka Eze,Kano,Electronics,Rice 50kg,3.0,5400.92,20,,POS Card,Cancelled,3.5,,1,
JO-2023-10724,2023-10-16,Hauwa Ibrahim,Kano,Home & Kitchen,Laptop HP,3.0,9718.16,-5,,Cash,Completed,,7.0,0,
JO-2023-10725,2023-04-08,Chidi Okonkwo,Enugu,Home & Kitchen,Laptop HP,5.0,55779.17,5,,POS Card,Shipped,3.9,3.0,1,
JO-2023-10726,2023-11-21,Fatima Musa,Delta,,Wireless Earbuds,4.0,31211.31,25,,Cash,Completed,,,0,
JO-2023-10727,2023-04-22,Hauwa Ibrahim,Edo,Sports,Laptop HP,5.0,3704.6,25,,Bank Transfer,Shipped,3.1,2.0,0,
JO-2023-10728,2023-04-12,Ngozi Adeyemi,Delta,Groceries,Laptop HP,4.0,68206.96,10,,POS Card,Shipped,4.7,2.0,0,
JO-2023-10729,2023-09-04,Chidi Okonkwo,Kano,Fashion,Rice 50kg,1.0,37848.58,0,,POS Card,Processing,,,1,
JO-2023-10730,2023-01-25,Amaka Eze,Kano,Computing,Ankara Dress,3.0,140695.24,30,,Cash,Cancelled,4.7,12.0,0,
JO-2023-10731,2023-08-06,Bola Tinubu,Kano,Home & Kitchen,Shea Butter,3.0,26633.75,-5,,Cash,Returned,,8.0,0,
JO-2023-10732,2023-09-02,Emeka Obi,Oyo,Home & Kitchen,Pressure Cooker,2.0,8879.67,5,,Bank Transfer,Returned,,6.0,1,
JO-2023-10733,2023-01-18,Emeka Obi,Edo,Computing,Football,4.0,30113.37,30,,Bank Transfer,Processing,2.7,13.0,0,
JO-2023-10734,2023-11-09,Bola Tinubu,Kano,Groceries,Wireless Earbuds,3.0,28340.06,20,,Bank Transfer,Cancelled,3.4,,0,
JO-2023-10735,2023-08-11,Ngozi Adeyemi,Oyo,Sports,Laptop HP,2.0,255138.62,0,,USSD,Shipped,1.6,14.0,0,
JO-2023-10736,2023-04-05,Fatima Musa,Abuja,Home & Kitchen,Pressure Cooker,5.0,62480.09,0,,Bank Transfer,Processing,3.1,,0,
JO-2023-10737,2023-08-26,Emeka Obi,Enugu,Fashion,Rice 50kg,4.0,78651.78,30,,Jumia Pay,Processing,,1.0,0,
JO-2023-10738,2023-11-12,Chidi Okonkwo,Rivers,Electronics,Wireless Earbuds,2.0,127226.01,20,,USSD,Completed,1.3,,0,
JO-2023-10739,2023-10-21,Bola Tinubu,,Beauty,Wireless Earbuds,5.0,9906.53,25,,POS Card,Returned,4.4,,0,
JO-2023-10740,2023-12-08,Chidi Okonkwo,Lagos,Home & Kitchen,Pressure Cooker,3.0,16843.2,10,,Bank Transfer,Cancelled,4.9,7.0,0,
JO-2023-10741,2023-02-26,Fatima Musa,Lagos,Groceries,Football,2.0,4663.02,-5,,Jumia Pay,Processing,1.8,7.0,0,
JO-2023-10742,2023-12-02,Amaka Eze,Delta,Beauty,Ankara Dress,3.0,39140.25,15,,USSD,Completed,4.7,,0,
JO-2023-10743,2023-07-22,Bola Tinubu,,Beauty,Rice 50kg,1.0,2461.27,5,,Jumia Pay,Cancelled,,4.0,1,
JO-2023-10744,2023-09-23,Emeka Obi,Lagos,Beauty,Pressure Cooker,5.0,86609.49,30,,Jumia Pay,Cancelled,3.7,14.0,0,
JO-2023-10745,2023-04-26,Chidi Okonkwo,Oyo,Fashion,Wireless Earbuds,2.0,32593.92,30,,Bank Transfer,Processing,3.8,12.0,0,
JO-2023-10746,2023-05-27,Emeka Obi,Lagos,Groceries,Ankara Dress,2.0,15581.67,10,,Jumia Pay,Shipped,3.7,10.0,0,
JO-2023-10747,2023-05-28,Amaka Eze,Abuja,Groceries,"Smart TV 43""",5.0,40881.6,20,,Cash,Returned,,,1,
JO-2023-10748,2023-02-26,Rotimi Adesanya,Rivers,Computing,Rice 50kg,3.0,39178.57,10,,POS Card,Returned,,4.0,0,
JO-2023-10749,2023-02-05,Rotimi Adesanya,Edo,Beauty,Rice 50kg,1.0,36714.83,15,,USSD,Cancelled,1.4,,0,
JO-2023-10750,2023-10-13,Emeka Obi,Abuja,Beauty,Shea Butter,4.0,34992.91,25,,USSD,Returned,1.9,2.0,0,
JO-2023-10751,2023-03-04,Chidi Okonkwo,Lagos,Groceries,Shea Butter,2.0,50330.64,-5,,POS Card,Returned,,5.0,0,
JO-2023-10752,2023-10-18,Ngozi Adeyemi,Abuja,Fashion,Shea Butter,5.0,39644.05,10,,POS Card,Processing,,3.0,1,
JO-2023-10753,2023-05-30,Rotimi Adesanya,,Fashion,"Smart TV 43""",1.0,76013.01,0,,USSD,Returned,,11.0,0,
JO-2023-10754,2023-11-11,Rotimi Adesanya,Lagos,Computing,"Smart TV 43""",3.0,8378.02,5,,Bank Transfer,Shipped,4.0,11.0,0,
JO-2023-10755,2023-06-25,Bola Tinubu,Abuja,Beauty,Ankara Dress,3.0,26269.11,30,,Cash,Cancelled,1.5,,0,
JO-2023-10756,2023-04-15,Rotimi Adesanya,Lagos,Fashion,Ankara Dress,2.0,10653.0,0,,POS Card,Returned,3.0,,0,
JO-2023-10757,2023-02-25,Chidi Okonkwo,Delta,Computing,Laptop HP,5.0,3664.81,5,,USSD,Completed,,14.0,0,
JO-2023-10758,2023-11-07,Fatima Musa,Delta,Fashion,"Smart TV 43""",4.0,75317.46,15,,Bank Transfer,Returned,4.9,,0,
JO-2023-10759,2023-05-28,Emeka Obi,Kano,,Pressure Cooker,1.0,29316.59,20,,Bank Transfer,Shipped,1.3,,0,
JO-2023-10760,2023-05-29,Ngozi Adeyemi,Edo,Electronics,Laptop HP,2.0,21094.0,5,,POS Card,Completed,,7.0,1,
JO-2023-10761,2023-05-06,Bola Tinubu,Enugu,Sports,Football,3.0,86195.05,20,,USSD,Returned,4.3,10.0,0,
JO-2023-10762,2023-02-26,Ngozi Adeyemi,Oyo,Groceries,Pressure Cooker,3.0,5673.74,30,,POS Card,Returned,4.5,,0,
JO-2023-10763,2023-06-20,Bola Tinubu,Oyo,Groceries,Ankara Dress,5.0,41670.71,15,,Jumia Pay,Cancelled,,13.0,0,
JO-2023-10764,2023-03-07,Ngozi Adeyemi,Delta,Beauty,Pressure Cooker,,38178.55,-5,,Bank Transfer,Cancelled,2.7,,0,
JO-2023-10765,2023-07-26,Bola Tinubu,Kano,Groceries,Pressure Cooker,5.0,8299.12,15,,Bank Transfer,Cancelled,1.2,1.0,1,
JO-2023-10766,2023-05-11,Bola Tinubu,Edo,,Rice 50kg,3.0,114605.38,0,,Bank Transfer,Processing,2.5,12.0,0,
JO-2023-10767,2023-08-26,Amaka Eze,Kano,Electronics,Laptop HP,4.0,50397.72,5,,USSD,Processing,,,0,
JO-2023-10768,2023-04-13,Chidi Okonkwo,Oyo,Sports,Football,5.0,15473.91,0,,POS Card,Completed,,,0,
JO-2023-10769,2023-09-05,Fatima Musa,Edo,Electronics,Wireless Earbuds,4.0,26603.39,15,,USSD,Returned,4.6,6.0,0,
JO-2023-10770,2023-09-04,Rotimi Adesanya,Abuja,,Ankara Dress,2.0,63587.29,0,,Cash,Cancelled,4.1,7.0,1,
JO-2023-10771,2023-05-15,Bola Tinubu,Rivers,Computing,Rice 50kg,2.0,133771.25,5,,USSD,Shipped,,,0,
JO-2023-10772,2023-07-26,Rotimi Adesanya,Lagos,Electronics,"Smart TV 43""",4.0,6570.71,-5,,USSD,Cancelled,1.4,2.0,0,
JO-2023-10773,2023-05-04,Fatima Musa,Kano,Fashion,Wireless Earbuds,4.0,35372.67,15,,Bank Transfer,Completed,1.3,4.0,0,
JO-2023-10774,2023-03-10,Fatima Musa,,Sports,Shea Butter,1.0,76671.22,5,,Cash,Shipped,,,0,
JO-2023-10775,2023-06-20,Bola Tinubu,Enugu,Sports,Football,1.0,43341.28,10,,POS Card,Processing,3.9,,0,
JO-2023-10776,2023-06-17,Hauwa Ibrahim,Kano,,Rice 50kg,1.0,92633.58,0,,Jumia Pay,Returned,3.3,6.0,0,
JO-2023-10777,2023-01-06,Ngozi Adeyemi,Delta,Sports,"Smart TV 43""",1.0,66508.42,10,,USSD,Completed,3.1,9.0,1,
JO-2023-10778,2023-10-17,Amaka Eze,Delta,Home & Kitchen,"Smart TV 43""",4.0,179667.55,0,,USSD,Cancelled,,1.0,0,
JO-2023-10779,2023-03-14,Fatima Musa,Lagos,Electronics,Ankara Dress,1.0,104312.86,0,,Bank Transfer,Returned,2.3,14.0,0,
JO-2023-10780,2023-09-28,Bola Tinubu,Rivers,Beauty,Football,4.0,6860.9,10,,Cash,Processing,3.6,,0,
JO-2023-10781,2023-05-27,Ngozi Adeyemi,Lagos,Home & Kitchen,Ankara Dress,5.0,22238.58,20,,Jumia Pay,Returned,5.0,7.0,1,
JO-2023-10782,2023-04-19,Fatima Musa,Rivers,Groceries,Pressure Cooker,3.0,10894.51,10,,Jumia Pay,Returned,,11.0,0,
JO-2023-10783,2023-05-17,Bola Tinubu,Lagos,Computing,Shea Butter,2.0,20640.55,30,,Cash,Completed,2.6,,0,
JO-2023-10784,2023-08-29,Emeka Obi,Oyo,Sports,Pressure Cooker,5.0,,10,,Cash,Completed,1.1,1.0,0,
JO-2023-10785,2023-09-15,Amaka Eze,Rivers,Home & Kitchen,Wireless Earbuds,4.0,22013.22,15,,Bank Transfer,Shipped,1.1,,0,
JO-2023-10786,2023-10-14,Chidi Okonkwo,Edo,Fashion,Football,2.0,34762.53,10,,POS Card,Shipped,,2.0,0,
JO-2023-10787,2023-07-01,Fatima Musa,Edo,Sports,Ankara Dress,5.0,37285.11,15,,USSD,Cancelled,4.1,,0,
JO-2023-10788,2023-12-30,Fatima Musa,,Fashion,Laptop HP,2.0,102240.26,20,,Bank Transfer,Returned,,7.0,0,
JO-2023-10789,2023-04-25,Rotimi Adesanya,Rivers,Sports,Pressure Cooker,2.0,44331.84,10,,Cash,Cancelled,2.1,,1,
JO-2023-10790,2023-04-24,Emeka Obi,Lagos,Beauty,"Smart TV 43""",1.0,82597.34,-5,,Bank Transfer,Returned,3.4,7.0,0,
JO-2023-10791,2023-07-30,Rotimi Adesanya,Oyo,Computing,"Smart TV 43""",1.0,,-5,,POS Card,Completed,,1.0,1,
JO-2023-10792,2023-03-09,Emeka Obi,Edo,Home & Kitchen,Shea Butter,2.0,8986.04,30,,Jumia Pay,Processing,4.3,11.0,0,
JO-2023-10793,2023-02-13,Fatima Musa,,Sports,Ankara Dress,1.0,169171.39,-5,,Bank Transfer,Processing,,1.0,0,
JO-2023-10794,2023-02-28,Chidi Okonkwo,Abuja,Computing,"Smart TV 43""",3.0,5135.73,0,,Bank Transfer,Shipped,3.1,6.0,0,
JO-2023-10795,2023-05-06,Bola Tinubu,Lagos,Computing,Rice 50kg,5.0,8349.59,0,,Cash,Returned,1.8,11.0,0,
JO-2023-10796,2023-06-18,Fatima Musa,,Home & Kitchen,Laptop HP,1.0,42918.18,15,,POS Card,Processing,,,0,
JO-2023-10797,2023-03-04,Emeka Obi,Kano,Groceries,"Smart TV 43""",3.0,24207.37,15,,POS Card,Processing,,14.0,1,
JO-2023-10798,2023-06-05,Chidi Okonkwo,Lagos,Groceries,Football,4.0,21963.89,0,,Bank Transfer,Processing,3.1,,0,
JO-2023-10799,2023-10-31,Amaka Eze,Edo,Beauty,"Smart TV 43""",1.0,38080.1,20,,POS Card,Processing,4.0,10.0,0,
JO-2023-10008,2023-11-13,Bola Tinubu,Kano,Fashion,Laptop HP,4.0,10665.75,30,,Cash,Completed,4.7,,0,
JO-2023-10510,2023-03-07,Emeka Obi,Rivers,Fashion,Rice 50kg,3.0,24868.18,10,,Cash,Processing,,,0,
JO-2023-10175,2023-07-27,Chidi Okonkwo,,Sports,Ankara Dress,4.0,8404.4,-5,,Jumia Pay,Completed,1.8,4.0,1,
JO-2023-10735,2023-08-11,Ngozi Adeyemi,Oyo,Sports,Laptop HP,2.0,255138.62,0,,USSD,Shipped,1.6,14.0,0,
JO-2023-10242,2023-08-06,Fatima Musa,Rivers,Sports,"Smart TV 43""",4.0,8324.51,5,,Jumia Pay,Returned,1.2,,0,
JO-2023-10764,2023-03-07,Ngozi Adeyemi,Delta,Beauty,Pressure Cooker,,38178.55,-5,,Bank Transfer,Cancelled,2.7,,0,
JO-2023-10540,2023-04-16,Rotimi Adesanya,Abuja,Fashion,Rice 50kg,1.0,6171.3,0,,POS Card,Processing,3.9,4.0,0,
JO-2023-10430,2023-01-21,Hauwa Ibrahim,Delta,Groceries,Wireless Earbuds,4.0,14603.51,15,,Cash,Returned,2.3,,0,
JO-2023-10084,2023-04-16,Ngozi Adeyemi,Oyo,Fashion,Ankara Dress,5.0,71297.23,25,,USSD,Completed,1.7,,0,
JO-2023-10642,2023-09-29,Hauwa Ibrahim,Kano,Computing,Pressure Cooker,1.0,61907.98,15,,USSD,Processing,1.3,,0,
JO-2023-10255,2023-07-22,Hauwa Ibrahim,Enugu,Beauty,"Smart TV 43""",3.0,35754.29,20,,Bank Transfer,Shipped,3.7,6.0,1,
JO-2023-10111,2023-10-12,Chidi Okonkwo,Enugu,Computing,Football,1.0,13637.7,10,,Cash,Cancelled,4.6,,0,
JO-2023-10289,2023-06-08,Hauwa Ibrahim,Lagos,Beauty,Rice 50kg,2.0,216922.2,10,,USSD,Cancelled,,6.0,0,
JO-2023-10349,2023-02-28,Bola Tinubu,Oyo,Sports,Pressure Cooker,3.0,35380.39,25,,Jumia Pay,Completed,4.5,7.0,1,
JO-2023-10703,2023-02-20,Bola Tinubu,Enugu,Sports,Rice 50kg,3.0,109015.98,15,,USSD,Completed,2.2,,0,
JO-2023-10521,2023-12-27,Ngozi Adeyemi,,Beauty,Football,4.0,81319.68,20,,Bank Transfer,Cancelled,,7.0,1,
JO-2023-10437,2023-10-15,Rotimi Adesanya,Kano,Electronics,Shea Butter,1.0,5867.1,20,,USSD,Processing,2.7,13.0,0,
JO-2023-10565,2023-03-13,Ngozi Adeyemi,Enugu,Fashion,Rice 50kg,1.0,10655.55,5,,POS Card,Completed,2.4,4.0,0,
JO-2023-10224,2023-03-25,Ngozi Adeyemi,Enugu,Electronics,Football,4.0,247240.59,15,,Cash,Cancelled,4.3,10.0,1,
JO-2023-10371,2023-11-01,Amaka Eze,Lagos,Home & Kitchen,Pressure Cooker,5.0,18137.87,15,,USSD,Processing,2.8,,0,
JO-2023-10301,2023-10-31,Amaka Eze,Kano,Computing,Football,3.0,16299.13,30,,Jumia Pay,Completed,4.2,4.0,0,
JO-2023-10537,2023-01-27,Fatima Musa,Enugu,Computing,Shea Butter,1.0,116773.11,20,,USSD,Shipped,,14.0,0,
JO-2023-10341,2023-03-03,Fatima Musa,Edo,Sports,Ankara Dress,5.0,23145.84,15,,Jumia Pay,Returned,4.5,,0,
JO-2023-10135,2023-07-19,Hauwa Ibrahim,Abuja,Home & Kitchen,Shea Butter,2.0,16881.0,15,,Bank Transfer,Returned,1.9,10.0,1,
JO-2023-10708,2023-10-11,Chidi Okonkwo,Delta,Sports,Wireless Earbuds,1.0,30502.12,25,,Jumia Pay,Processing,3.8,,0,
